Rank,Year,NA_Sales,EU_Sales,JP_Sales,Other_Sales,Global_Sales
1,2006.0,41,29.02,3.77,8.46,82.74
2,1985.0,29,3.58,6.81,0.77,40.24
3,2008.0,15,12.88,3.79,3.31,35.82
4,2009.0,15,11.01,3.28,2.96,33.0
5,1996.0,11,8.89,10.22,1.0,31.37
6,1989.0,23,2.26,4.22,0.58,30.26
7,2006.0,11,9.23,6.5,2.9,30.01
8,2006.0,14,9.2,2.93,2.85,29.02
9,2009.0,14,7.06,4.7,2.26,28.62
10,1984.0,26,0.63,0.28,0.47,28.31
11,2005.0,9,11.0,1.93,2.75,24.76
12,2005.0,9,7.57,4.13,1.92,23.42
13,1999.0,9,6.18,7.2,0.71,23.1
14,2007.0,8,8.03,3.6,2.15,22.72
15,2009.0,9,8.59,2.53,1.79,22.0
16,2010.0,14,4.94,0.24,1.67,21.82
17,2013.0,7,9.27,0.97,4.14,21.4
18,2004.0,9,0.4,0.41,10.57,20.81
19,1990.0,12,3.75,3.54,0.55,20.61
20,2005.0,4,9.26,4.16,2.05,20.22
21,2006.0,6,4.52,6.04,1.37,18.36
22,1989.0,10,2.71,4.18,0.42,18.14
23,1988.0,9,3.44,3.84,0.46,17.28
24,2013.0,9,5.31,0.06,1.38,16.38
25,2002.0,8,5.49,0.47,1.78,16.15
26,2002.0,6,3.9,5.38,0.5,15.85
27,2010.0,5,3.28,5.65,0.82,15.32
28,2005.0,3,5.36,5.32,1.18,15.3
29,2001.0,6,5.09,1.87,1.16,14.98
30,2011.0,9,4.28,0.13,1.32,14.76
31,1998.0,5,5.04,3.12,0.59,14.64
32,2010.0,9,3.73,0.11,1.13,14.64
33,2013.0,5,4.05,4.34,0.79,14.35
34,2015.0,5,5.81,0.35,2.31,14.24
35,2012.0,4,5.88,0.65,2.52,14.03
36,2012.0,8,4.3,0.07,1.12,13.73
37,2009.0,8,3.63,0.08,1.29,13.51
38,2011.0,5,5.82,0.49,1.62,13.46
39,2001.0,6,4.51,0.3,1.3,13.1
40,2008.0,6,2.61,2.66,1.02,13.04
41,2010.0,5,4.44,0.48,1.83,12.73
42,2005.0,2,3.52,5.33,0.88,12.27
43,2011.0,4,3.91,2.67,0.89,12.21
44,2007.0,7,2.83,0.13,1.21,12.14
45,2014.0,3,5.81,0.36,2.02,11.98
46,2009.0,4,2.77,3.96,0.77,11.9
47,1996.0,6,2.85,1.91,0.23,11.89
48,2004.0,3,0.01,1.1,7.53,11.66
49,2007.0,6,3.4,1.2,0.76,11.52
50,2014.0,4,3.37,3.08,0.65,11.33
51,1992.0,6,2.04,2.69,0.29,11.18
52,2008.0,6,3.1,0.14,1.03,11.02
53,1997.0,4,3.87,2.54,0.52,10.95
54,2011.0,4,2.99,2.13,0.78,10.79
55,2010.0,2,4.88,0.81,2.12,10.77
56,2009.0,4,3.69,0.38,1.63,10.69
57,2008.0,4,3.76,0.44,1.62,10.57
58,1993.0,5,2.15,2.12,0.29,10.55
59,2004.0,4,2.65,3.15,0.35,10.49
60,2004.0,5,3.11,1.25,0.98,10.42
61,2011.0,6,3.15,0.0,1.07,10.26
62,2013.0,6,2.63,0.04,0.82,10.21
63,2010.0,7,1.98,0.08,0.78,9.88
64,1996.0,5,1.94,2.23,0.15,9.87
65,2012.0,3,3.07,2.47,0.63,9.82
66,2012.0,6,2.36,0.04,0.73,9.76
67,1997.0,3,2.47,3.28,0.96,9.72
68,2013.0,4,3.73,0.38,1.38,9.59
69,2010.0,5,2.89,0.01,0.78,9.52
70,1999.0,3,3.42,1.69,0.5,9.49
71,2007.0,5,2.38,0.13,0.9,9.32
72,1994.0,4,1.71,3.0,0.23,9.3
73,2013.0,5,2.83,0.02,0.77,9.2
74,2012.0,2,2.32,4.36,0.41,9.09
75,2007.0,4,1.88,1.98,0.7,9.02
76,2011.0,5,2.86,0.1,0.85,8.84
77,1992.0,3,1.24,3.81,0.18,8.76
78,2015.0,1,6.06,0.06,1.26,8.49
79,2010.0,1,3.53,2.49,0.68,8.49
80,2004.0,6,1.53,0.05,0.08,8.49
81,2007.0,3,2.3,1.58,0.73,8.42
82,2012.0,2,1.86,3.14,0.43,8.33
83,2012.0,1,5.05,0.13,2.01,8.24
84,2009.0,0,6.42,0.0,0.71,8.11
85,1997.0,5,2.01,0.13,0.15,8.09
86,2007.0,2,3.9,0.66,0.91,8.06
87,2001.0,2,2.07,2.73,0.33,8.05
88,1999.0,2,1.72,3.63,0.23,7.86
89,2008.0,2,1.78,2.69,0.55,7.84
90,1982.0,7,0.45,0.0,0.08,7.81
91,2005.0,2,2.83,0.24,1.75,7.72
92,2010.0,3,2.42,0.98,0.64,7.69
93,2015.0,2,3.29,0.22,1.23,7.67
94,2014.0,2,3.3,0.14,1.37,7.6
95,1998.0,4,1.89,1.45,0.16,7.6
96,1997.0,3,2.17,1.31,0.31,7.58
97,1988.0,5,1.18,0.7,0.19,7.46
98,2014.0,3,1.35,2.42,0.43,7.45
99,2008.0,4,1.9,0.0,0.69,7.37
100,2011.0,4,2.13,0.06,0.69,7.34
101,2006.0,3,2.19,0.6,0.7,7.31
102,2015.0,4,2.09,0.01,0.67,7.3
103,2009.0,3,3.03,0.0,0.73,7.27
104,2011.0,2,2.93,0.35,1.1,7.23
105,2003.0,3,2.83,0.08,1.02,7.2
106,1998.0,3,2.22,1.4,0.29,7.16
107,1998.0,3,1.75,1.42,0.28,7.13
108,2001.0,4,1.04,1.39,0.22,7.07
109,2014.0,3,2.07,1.27,0.49,6.96
110,2015.0,2,3.15,0.24,1.1,6.96
111,2003.0,4,1.77,0.87,0.19,6.95
112,2012.0,4,2.21,0.0,0.56,6.91
113,2013.0,0,4.32,0.07,1.73,6.9
114,2004.0,2,3.02,0.08,1.09,6.9
115,2002.0,2,2.75,0.17,0.99,6.83
116,2011.0,2,2.8,0.19,1.06,6.83
117,1996.0,3,2.35,0.94,0.3,6.82
118,2010.0,3,2.64,0.0,0.67,6.81
119,2008.0,4,1.92,0.06,0.64,6.76
120,2009.0,3,2.25,0.21,1.0,6.73
121,2007.0,3,2.3,0.28,1.04,6.72
122,2011.0,0,4.32,0.11,1.42,6.69
123,2005.0,1,2.78,1.6,0.62,6.67
124,2010.0,2,2.61,0.17,1.03,6.6
125,2014.0,0,4.29,0.05,1.47,6.59
126,2010.0,3,1.84,1.03,0.47,6.59
127,2011.0,2,2.71,0.25,1.05,6.56
128,1986.0,3,0.93,1.69,0.14,6.51
129,2012.0,2,2.56,0.16,1.14,6.5
130,2001.0,4,1.3,0.08,0.07,6.43
131,2004.0,2,1.58,2.06,0.21,6.41
132,2002.0,3,1.2,1.49,0.07,6.4
133,2000.0,2,1.56,1.29,0.99,6.39
134,2009.0,4,1.35,0.06,0.61,6.36
135,2010.0,3,1.97,0.09,0.57,6.34
136,2002.0,4,1.26,0.87,0.17,6.31
137,1992.0,2,0.83,2.87,0.12,6.3
138,2004.0,0,6.21,0.0,0.0,6.28
139,1999.0,3,2.8,0.02,0.33,6.27
140,2010.0,3,1.78,0.03,0.51,6.24
141,2011.0,4,1.62,0.07,0.49,6.24
142,2006.0,3,1.9,0.07,0.6,6.11
143,2001.0,2,2.01,0.87,0.72,6.05
144,1992.0,4,1.2,0.16,0.19,6.03
145,2008.0,2,1.74,0.83,0.83,6.03
146,1998.0,3,1.83,0.78,0.24,6.03
147,2013.0,2,2.28,0.28,1.01,5.99
148,2006.0,1,0.0,2.33,1.74,5.95
149,2008.0,2,2.05,0.17,0.9,5.92
150,2009.0,0,0.69,4.35,0.15,5.84
151,2007.0,3,1.63,0.0,0.53,5.83
152,1998.0,1,1.47,2.02,0.45,5.82
153,1996.0,2,1.89,1.36,0.23,5.74
154,2006.0,3,1.94,0.07,0.58,5.72
155,2014.0,2,2.05,0.16,0.96,5.65
156,1988.0,2,0.69,1.81,0.11,5.58
157,2009.0,2,1.95,0.21,0.87,5.57
158,1999.0,2,0.6,1.97,0.04,5.55
159,2007.0,3,1.65,0.07,0.55,5.55
160,2011.0,2,1.91,0.11,0.8,5.53
161,2009.0,2,1.92,0.1,0.51,5.51
162,2008.0,0,0.57,4.13,0.34,5.5
163,2001.0,3,1.24,0.91,0.2,5.49
164,2001.0,2,1.64,0.99,0.23,5.47
165,2001.0,3,1.11,0.95,0.2,5.46
166,1999.0,3,1.24,0.94,0.09,5.45
167,2008.0,2,1.87,0.0,0.84,5.43
168,2001.0,2,2.29,0.24,0.82,5.42
169,2014.0,1,2.51,0.0,0.94,5.42
170,2009.0,1,1.24,1.87,0.52,5.36
171,1989.0,2,0.96,2.0,0.2,5.34
172,1999.0,3,1.12,1.01,0.16,5.31
173,2012.0,3,1.71,0.03,0.44,5.3
174,2000.0,1,0.77,2.78,0.14,5.3
175,2003.0,1,1.08,2.11,0.17,5.29
176,1999.0,3,0.79,1.09,0.06,5.27
177,2009.0,3,1.56,0.08,0.51,5.27
178,2007.0,1,2.48,1.03,0.52,5.26
179,1997.0,2,2.46,0.2,0.28,5.24
180,,4,0.26,0.01,0.71,5.23
181,2004.0,0,0.75,3.61,0.2,5.21
182,2012.0,2,2.15,0.0,0.62,5.2
183,2003.0,2,1.25,0.83,0.2,5.2
184,2012.0,2,1.3,1.27,0.31,5.19
185,1994.0,2,0.98,1.57,0.15,5.19
186,2012.0,1,3.48,0.03,0.58,5.18
187,2007.0,1,1.83,0.95,0.49,5.17
188,1995.0,2,0.74,2.2,0.11,5.15
189,2013.0,0,2.02,1.89,0.28,5.15
190,2008.0,1,2.48,0.44,0.58,5.14
191,2003.0,1,2.23,0.13,0.8,5.13
192,1992.0,2,0.61,1.7,0.11,5.13
193,2010.0,3,1.11,0.05,0.38,5.13
194,2014.0,3,1.53,0.01,0.38,5.13
195,1996.0,3,1.69,0.0,0.2,5.12
196,2006.0,3,0.63,0.0,0.68,5.12
197,2009.0,1,1.43,1.08,0.65,5.11
198,2014.0,2,2.01,0.0,0.41,5.08
199,2006.0,1,2.02,0.16,1.21,5.08
200,2010.0,0,3.29,0.06,1.13,5.08
201,1999.0,3,1.3,0.15,0.22,5.07
202,1996.0,2,1.16,1.11,0.73,5.05
203,1999.0,3,1.38,0.02,0.2,5.02
204,2014.0,2,1.06,0.8,0.57,5.02
205,1999.0,2,1.89,0.0,0.33,5.01
206,1998.0,3,1.36,0.07,0.21,5.0
207,2007.0,3,1.18,0.29,0.46,5.0
208,2007.0,3,0.01,0.01,1.48,4.98
209,2008.0,3,1.03,0.09,0.44,4.96
210,2007.0,1,1.2,1.54,0.37,4.96
211,2007.0,2,1.73,0.12,0.78,4.94
212,2005.0,3,0.26,0.01,0.66,4.91
213,2007.0,2,1.54,0.0,0.46,4.9
214,1997.0,2,0.99,0.89,0.1,4.88
215,2010.0,0,0.0,4.87,0.0,4.87
216,1990.0,2,0.6,1.52,0.1,4.85
217,2010.0,2,1.36,0.12,0.63,4.84
218,2010.0,2,1.68,0.0,0.59,4.83
219,2007.0,1,2.0,0.09,0.83,4.83
220,2014.0,0,3.14,0.04,1.07,4.82
221,1999.0,2,1.57,0.44,0.21,4.79
222,2016.0,0,3.75,0.06,0.69,4.77
223,2011.0,2,1.31,0.04,0.41,4.76
224,2000.0,2,2.1,0.02,0.25,4.73
225,2003.0,1,2.19,0.0,0.79,4.7
226,2000.0,3,1.41,0.02,0.2,4.68
227,2008.0,1,1.12,1.32,0.37,4.68
228,2002.0,1,1.95,0.08,0.7,4.67
229,2011.0,2,2.04,0.06,0.47,4.64
230,1996.0,2,1.97,0.13,0.24,4.63
231,2007.0,3,1.12,0.0,0.44,4.62
232,1991.0,2,0.91,1.15,0.13,4.61
233,2002.0,2,0.99,0.89,0.13,4.6
234,2009.0,1,1.99,0.22,0.48,4.58
235,2013.0,1,1.39,1.1,0.3,4.58
236,2015.0,1,1.15,1.44,0.43,4.57
237,2014.0,1,1.87,0.07,0.82,4.55
238,2007.0,3,0.92,0.01,0.42,4.53
239,2004.0,4,0.26,0.01,0.08,4.53
240,1981.0,4,0.24,0.0,0.05,4.5
241,2006.0,3,0.24,0.01,0.61,4.49
242,2002.0,2,1.51,0.03,0.23,4.48
243,2000.0,0,0.14,4.1,0.02,4.47
244,2015.0,1,1.69,0.08,0.74,4.47
245,2014.0,1,1.94,0.19,0.77,4.45
246,2005.0,2,1.29,0.02,0.43,4.45
247,2012.0,2,1.11,0.46,0.33,4.44
248,2010.0,2,1.35,0.01,0.39,4.42
249,2001.0,2,1.29,0.01,0.46,4.41
250,2006.0,0,2.39,1.05,0.86,4.39
251,2006.0,2,1.05,0.13,0.4,4.39
252,1987.0,2,0.5,1.61,0.08,4.38
253,2005.0,2,1.79,0.08,0.47,4.37
254,2006.0,1,1.73,0.14,0.75,4.35
255,1991.0,3,0.91,0.26,0.13,4.34
256,2005.0,2,0.58,1.38,0.17,4.33
257,2013.0,0,2.93,0.01,0.46,4.31
258,2014.0,2,1.18,0.0,0.37,4.31
259,1980.0,4,0.26,0.0,0.05,4.31
260,2008.0,2,1.27,0.11,0.41,4.31
261,2015.0,2,1.2,0.03,0.39,4.26
262,2013.0,2,1.11,0.72,0.3,4.25
263,2009.0,2,1.34,0.07,0.61,4.25
264,2011.0,1,2.02,0.1,0.72,4.24
265,2001.0,3,1.11,0.05,0.07,4.24
266,2004.0,1,0.0,0.83,1.93,4.23
267,2006.0,2,1.02,0.0,0.75,4.22
268,1995.0,1,2.27,0.0,0.23,4.21
269,2011.0,2,1.27,0.62,0.3,4.21
270,2005.0,0,2.55,0.04,0.84,4.21
271,2003.0,0,2.3,0.2,0.83,4.2
272,2016.0,1,2.07,0.18,0.65,4.2
273,2007.0,1,1.83,0.57,0.53,4.2
274,2011.0,2,1.47,0.04,0.43,4.19
275,2009.0,2,1.06,0.58,0.53,4.19
276,2011.0,0,2.79,0.02,0.53,4.19
277,1989.0,3,0.44,0.31,0.04,4.17
278,1984.0,2,0.48,1.57,0.07,4.16
279,1997.0,3,0.27,0.0,0.11,4.16
280,2002.0,3,0.21,0.01,0.56,4.14
281,2014.0,1,1.86,0.11,0.77,4.14
282,1997.0,4,0.0,0.09,0.0,4.12
283,1995.0,1,0.61,1.76,0.09,4.12
284,2006.0,0,2.48,0.03,0.89,4.11
285,2011.0,2,1.2,0.37,0.4,4.1
286,1992.0,1,0.51,2.1,0.07,4.1
287,2007.0,2,1.5,0.05,0.42,4.1
288,2015.0,2,1.26,0.01,0.37,4.09
289,2007.0,2,1.52,0.0,0.0,4.09
290,2010.0,2,1.06,0.04,0.33,4.08
291,2007.0,2,0.04,0.04,1.67,4.07
292,2007.0,2,1.28,0.03,0.41,4.06
293,2005.0,0,2.26,0.9,0.77,4.06
294,1996.0,2,1.55,0.16,0.06,4.05
295,2000.0,1,1.51,0.51,0.35,4.05
296,2014.0,1,2.12,0.1,0.69,4.03
297,1997.0,2,0.58,0.64,0.04,4.03
298,2014.0,1,1.87,0.12,0.65,4.02
299,1984.0,1,0.28,2.46,0.04,4.01
300,2008.0,2,1.2,0.07,0.59,4.01
301,2007.0,0,1.78,0.92,0.37,4.0
302,2009.0,2,0.89,0.05,0.37,3.99
303,2005.0,2,1.35,0.0,0.54,3.98
304,2009.0,2,1.36,0.06,0.4,3.92
305,2014.0,1,1.96,0.08,0.7,3.92
306,1994.0,1,0.76,1.07,0.11,3.91
307,2003.0,2,1.17,0.01,0.42,3.9
308,2013.0,1,1.71,0.13,0.73,3.89
309,2014.0,0,0.49,2.62,0.11,3.89
310,2006.0,1,1.61,0.06,0.67,3.88
311,2011.0,1,2.09,0.0,0.64,3.88
312,2005.0,0,1.94,0.31,0.7,3.87
313,1988.0,0,0.0,3.77,0.0,3.87
314,2010.0,2,1.14,0.1,0.51,3.87
315,2015.0,2,0.65,0.03,0.69,3.85
316,2004.0,0,1.89,1.12,0.68,3.85
317,2007.0,0,1.57,1.05,0.35,3.84
318,1995.0,2,1.44,0.22,0.06,3.84
319,1992.0,2,0.96,0.54,0.13,3.83
320,2009.0,2,0.48,0.81,0.27,3.83
321,2007.0,1,1.93,0.41,0.43,3.82
322,2011.0,1,1.37,0.73,0.27,3.81
323,2015.0,1,1.58,0.1,0.61,3.79
324,2011.0,1,1.91,0.27,0.46,3.78
325,2008.0,2,1.03,0.0,0.36,3.78
326,1996.0,1,1.24,0.47,0.25,3.77
327,2007.0,1,1.4,0.1,0.87,3.77
328,2013.0,1,1.47,0.0,0.32,3.76
329,2002.0,2,1.56,0.0,0.17,3.76
330,2007.0,1,0.88,0.59,0.32,3.76
331,2001.0,1,2.0,0.14,0.22,3.73
332,2015.0,0,2.0,0.21,0.56,3.73
333,1999.0,1,0.77,1.54,0.11,3.72
334,2000.0,1,1.58,0.0,0.19,3.71
335,2004.0,0,2.48,0.04,0.59,3.7
336,1998.0,1,0.73,1.38,0.1,3.7
337,2013.0,1,1.51,0.27,0.61,3.69
338,2007.0,1,1.61,0.08,0.41,3.69
339,2009.0,0,0.0,3.67,0.0,3.67
340,2002.0,2,1.18,0.01,0.35,3.67
341,2005.0,1,1.22,0.0,0.79,3.66
342,1998.0,1,1.13,0.55,0.1,3.65
343,2002.0,2,0.81,0.06,0.24,3.65
344,2008.0,2,0.97,0.0,0.35,3.65
345,2013.0,0,1.8,0.4,0.74,3.64
346,2001.0,2,1.09,0.15,0.33,3.64
347,1999.0,2,0.68,0.66,0.06,3.63
348,2009.0,0,2.46,0.05,0.52,3.63
349,2007.0,0,0.0,0.64,2.93,3.63
350,2013.0,1,1.42,0.05,0.38,3.63
351,2005.0,2,0.83,0.46,0.25,3.62
352,2016.0,1,1.61,0.15,0.57,3.61
353,2004.0,1,1.22,0.03,0.44,3.61
354,1994.0,2,1.4,0.0,0.16,3.61
355,2001.0,2,1.17,0.0,0.42,3.61
356,2007.0,1,1.5,0.1,0.39,3.61
357,2001.0,2,0.67,0.46,0.1,3.6
358,2005.0,2,1.02,0.03,0.37,3.59
359,2000.0,2,1.35,0.06,0.16,3.58
360,1997.0,1,1.79,0.0,0.2,3.56
361,2006.0,1,1.4,0.07,0.5,3.54
362,2002.0,1,1.77,0.05,0.49,3.54
363,1997.0,1,1.58,0.12,0.18,3.54
364,2001.0,1,1.13,0.1,0.41,3.53
365,2005.0,1,1.14,0.01,0.41,3.53
366,2013.0,2,1.08,0.02,0.29,3.53
367,2010.0,0,2.4,0.02,0.4,3.53
368,2000.0,1,1.33,0.0,0.23,3.52
369,1999.0,2,1.21,0.01,0.17,3.52
370,2008.0,2,0.5,0.05,0.3,3.52
371,2009.0,1,1.66,0.27,0.38,3.52
372,2009.0,2,0.94,0.12,0.34,3.51
373,1996.0,1,0.5,1.75,0.08,3.51
374,2010.0,2,0.39,0.03,0.24,3.5
375,1985.0,1,0.38,1.42,0.06,3.5
376,2009.0,2,0.97,0.02,0.31,3.5
377,2006.0,0,1.83,0.73,0.35,3.5
378,,0,2.36,0.04,0.51,3.49
379,2015.0,1,1.22,0.02,0.31,3.49
380,2010.0,2,1.02,0.04,0.32,3.48
381,2008.0,2,1.01,0.01,0.35,3.48
382,2014.0,2,0.89,0.0,0.3,3.46
383,2012.0,0,1.75,0.1,0.72,3.45
384,2013.0,0,0.0,3.44,0.0,3.44
385,2009.0,2,0.73,0.03,0.29,3.44
386,2002.0,1,1.27,0.33,0.29,3.44
387,2013.0,1,1.54,0.17,0.38,3.43
388,2011.0,1,1.07,0.06,0.47,3.42
389,1998.0,1,2.07,0.0,0.22,3.42
390,1994.0,0,0.0,2.55,0.02,3.42
391,2004.0,1,1.2,0.02,0.43,3.41
392,1990.0,1,0.69,0.59,0.4,3.41
393,2002.0,0,2.28,0.05,0.61,3.4
394,2000.0,1,1.47,0.19,0.17,3.39
395,2008.0,2,1.03,0.0,0.32,3.38
396,2015.0,1,1.35,0.48,0.47,3.38
397,2009.0,1,0.94,0.74,0.27,3.38
398,1998.0,2,0.76,0.0,0.13,3.36
399,2000.0,1,0.67,0.73,0.06,3.36
400,2008.0,0,1.61,0.82,0.28,3.36
401,1998.0,1,1.53,0.0,0.18,3.34
402,2013.0,1,1.14,0.01,0.29,3.34
403,2006.0,0,0.99,2.32,0.02,3.33
404,2002.0,1,1.29,0.12,0.46,3.33
405,2002.0,1,1.01,0.57,0.3,3.33
406,2012.0,1,1.17,0.76,0.24,3.32
407,2005.0,1,1.39,0.03,0.43,3.32
408,2001.0,1,1.05,0.05,0.22,3.31
409,2003.0,1,1.28,0.05,0.46,3.28
410,2015.0,0,1.92,0.06,0.5,3.28
411,2014.0,2,0.92,0.0,0.23,3.28
412,2003.0,1,1.05,0.02,0.31,3.27
413,2008.0,1,1.13,0.46,0.32,3.27
414,2009.0,0,1.59,0.31,0.87,3.27
415,2015.0,0,0.19,2.78,0.04,3.26
416,1995.0,0,1.3,0.77,0.22,3.24
417,2015.0,0,2.11,0.0,0.23,3.23
418,2011.0,1,1.33,0.12,0.51,3.23
419,2015.0,2,0.3,0.0,0.59,3.22
420,2014.0,0,0.0,3.18,0.0,3.22
421,1999.0,1,1.33,0.0,0.16,3.21
422,1983.0,0,0.1,2.35,0.02,3.2
423,1995.0,2,0.72,0.12,0.1,3.2
424,2000.0,1,1.21,0.07,0.16,3.2
425,2007.0,1,0.6,0.8,0.44,3.19
426,2008.0,1,1.01,0.04,0.66,3.19
427,1995.0,0,0.0,3.19,0.0,3.19
428,2010.0,2,0.77,0.01,0.26,3.19
429,2003.0,1,1.12,0.09,0.19,3.18
430,2015.0,1,0.87,0.93,0.2,3.18
431,2010.0,1,1.08,0.1,0.47,3.17
432,,1,1.02,0.0,0.29,3.17
433,2008.0,0,0.51,1.93,0.14,3.17
434,2001.0,2,0.56,0.38,0.17,3.17
435,2008.0,1,0.98,0.0,0.3,3.16
436,2001.0,1,0.16,0.99,0.09,3.15
437,2008.0,1,1.06,0.0,0.29,3.15
438,2005.0,1,1.57,0.06,0.29,3.15
439,2012.0,0,0.97,0.88,0.42,3.15
440,2014.0,1,0.99,0.03,0.24,3.15
441,2007.0,0,0.0,0.0,2.46,3.14
442,2000.0,1,1.25,0.02,0.16,3.13
443,1998.0,2,0.86,0.0,0.13,3.12
444,1999.0,2,0.62,0.14,0.04,3.12
445,2006.0,0,1.0,1.03,0.17,3.12
446,2007.0,1,0.87,0.14,0.42,3.12
447,1990.0,0,0.0,3.03,0.01,3.12
448,2010.0,1,1.27,0.06,0.5,3.12
449,2010.0,1,0.82,0.03,0.27,3.11
450,2014.0,0,2.02,0.0,0.3,3.11
451,2002.0,2,0.28,0.55,0.08,3.09
452,2001.0,2,0.16,0.01,0.42,3.08
453,1986.0,1,0.45,0.64,0.07,3.08
454,2012.0,1,0.91,0.04,0.24,3.07
455,2013.0,1,0.99,0.46,0.22,3.07
456,1994.0,1,0.62,0.55,0.34,3.07
457,2002.0,1,1.21,0.0,0.14,3.07
458,2012.0,1,0.86,0.03,0.24,3.07
459,2008.0,1,0.84,0.0,0.29,3.05
460,2012.0,1,1.35,0.02,0.28,3.04
461,2010.0,2,0.64,0.12,0.22,3.04
462,2008.0,1,0.8,0.02,0.27,3.03
463,1995.0,1,1.33,0.0,0.16,3.03
464,2009.0,1,1.07,0.08,0.47,3.02
465,2002.0,1,1.04,0.0,0.13,3.02
466,1987.0,2,0.47,0.45,0.07,3.02
467,2002.0,1,1.13,0.07,0.38,3.02
468,2015.0,2,0.32,0.0,0.31,3.0
469,2012.0,2,0.21,0.01,0.19,3.0
470,2007.0,1,0.0,0.76,1.09,3.0
471,,1,1.02,0.0,0.41,3.0
472,2014.0,1,1.41,0.05,0.53,2.99
473,1993.0,1,0.51,0.8,0.07,2.99
474,2000.0,1,1.18,0.0,0.13,2.99
475,2002.0,0,1.26,1.16,0.45,2.99
476,2001.0,1,0.86,0.64,0.13,2.99
477,2015.0,0,1.0,1.39,0.12,2.98
478,2010.0,1,1.12,0.08,0.45,2.97
479,2014.0,0,1.72,0.0,0.29,2.97
480,2011.0,1,1.01,0.0,0.38,2.97
481,2003.0,1,1.37,0.06,0.49,2.96
482,2008.0,1,0.04,1.19,0.15,2.96
483,2002.0,1,1.15,0.04,0.41,2.96
484,2009.0,1,0.71,0.15,0.26,2.95
485,1996.0,1,0.58,0.34,0.04,2.94
486,2003.0,2,0.51,0.06,0.15,2.94
487,2005.0,1,1.11,0.04,0.33,2.94
488,2009.0,1,0.69,0.12,0.37,2.94
489,2001.0,2,0.77,0.05,0.05,2.94
490,2007.0,1,0.8,0.03,0.27,2.93
491,2006.0,0,1.06,0.73,0.26,2.92
492,2007.0,1,1.13,0.05,0.3,2.91
493,2002.0,1,0.45,0.62,0.09,2.91
494,2013.0,0,1.85,0.11,0.33,2.9
495,2014.0,1,0.8,0.04,0.22,2.9
496,2004.0,1,1.14,0.0,0.22,2.9
497,2008.0,1,0.86,0.0,0.28,2.9
498,2003.0,0,1.24,1.13,0.45,2.9
499,2012.0,0,1.51,0.06,0.61,2.89
500,2001.0,0,0.32,1.38,0.2,2.89
501,2004.0,1,1.12,0.01,0.24,2.89
502,2011.0,1,1.07,0.0,0.28,2.88
503,1999.0,2,0.72,0.02,0.11,2.88
504,2007.0,1,1.27,0.0,0.31,2.88
505,1998.0,0,2.43,0.12,0.22,2.87
506,2013.0,1,0.77,0.0,0.22,2.86
507,2012.0,2,0.16,0.0,0.17,2.86
508,2002.0,2,0.63,0.03,0.11,2.86
509,2011.0,1,0.55,0.0,0.32,2.85
510,1990.0,1,0.51,0.89,0.07,2.85
511,1997.0,1,0.53,0.98,0.05,2.85
512,1996.0,1,1.34,0.0,0.14,2.85
513,2011.0,1,1.14,0.0,0.31,2.85
514,2015.0,0,1.98,0.05,0.42,2.85
515,2010.0,1,0.57,0.11,0.3,2.84
516,2007.0,1,0.86,0.05,0.28,2.83
517,2009.0,2,0.09,0.0,0.22,2.83
518,2010.0,1,1.05,0.07,0.43,2.83
519,2002.0,1,1.08,0.04,0.39,2.83
520,2002.0,1,0.67,0.1,0.09,2.82
521,2003.0,1,1.05,0.04,0.14,2.82
522,1994.0,0,2.79,0.0,0.0,2.81
523,2010.0,1,1.25,0.03,0.48,2.81
524,2007.0,1,1.19,0.0,0.3,2.81
525,2003.0,1,1.06,0.04,0.38,2.8
526,2008.0,1,0.8,0.0,0.26,2.8
527,2006.0,1,0.07,1.1,0.15,2.8
528,1997.0,0,0.2,2.13,0.18,2.79
529,2011.0,1,0.88,0.09,0.38,2.79
530,1998.0,1,0.72,0.0,0.11,2.79
531,2001.0,1,1.15,0.04,0.41,2.79
532,1992.0,0,0.0,2.78,0.01,2.79
533,1996.0,1,0.7,0.0,0.11,2.79
534,2011.0,0,1.43,0.0,0.48,2.79
535,2001.0,2,0.22,0.0,0.38,2.79
536,2009.0,0,1.47,0.68,0.34,2.79
537,2011.0,0,0.29,1.96,0.07,2.79
538,2003.0,1,0.74,0.0,0.36,2.78
539,2014.0,1,0.97,0.07,0.47,2.78
540,2003.0,1,0.83,0.26,0.25,2.78
541,2009.0,1,0.98,0.17,0.43,2.78
542,2003.0,1,1.12,0.0,0.24,2.77
543,2007.0,1,1.2,0.04,0.3,2.77
544,2011.0,1,1.15,0.07,0.3,2.77
545,1980.0,2,0.17,0.0,0.03,2.76
546,1992.0,1,0.54,0.71,0.07,2.75
547,2013.0,1,1.31,0.06,0.31,2.74
548,2000.0,1,0.36,1.13,0.23,2.73
549,1986.0,1,0.31,1.04,0.05,2.73
550,2011.0,1,0.94,0.02,0.24,2.72
551,2006.0,1,0.93,0.02,0.27,2.71
552,2002.0,1,0.52,0.33,0.1,2.7
553,2001.0,0,0.48,1.09,0.14,2.7
554,2015.0,1,0.76,0.0,0.47,2.7
555,1998.0,1,0.53,0.87,0.05,2.7
556,2011.0,2,0.11,0.0,0.16,2.69
557,2006.0,1,0.64,0.01,0.19,2.69
558,2010.0,2,0.12,0.0,0.18,2.69
559,2010.0,1,0.52,0.35,0.18,2.69
560,2010.0,1,0.98,0.0,0.24,2.68
561,2004.0,1,1.11,0.0,0.34,2.68
562,2014.0,0,0.0,2.68,0.0,2.68
563,2009.0,0,1.41,0.04,0.53,2.68
564,2011.0,0,0.75,0.89,0.26,2.68
565,1992.0,1,0.63,0.0,0.09,2.67
566,2005.0,1,0.92,0.01,0.26,2.67
567,2008.0,1,0.64,0.0,0.25,2.67
568,1998.0,1,1.09,0.0,0.14,2.67
569,2004.0,1,0.58,0.0,0.09,2.66
570,2006.0,1,0.8,0.0,0.26,2.65
571,2003.0,1,1.11,0.0,0.4,2.65
572,2012.0,1,0.88,0.0,0.22,2.65
573,2006.0,0,1.11,0.01,0.66,2.65
574,1986.0,0,0.0,2.65,0.0,2.65
575,1996.0,2,0.5,0.12,0.03,2.65
576,2007.0,1,0.87,0.0,0.24,2.64
577,2000.0,2,0.47,0.02,0.14,2.63
578,2006.0,0,1.1,0.12,0.65,2.63
579,2009.0,1,0.82,0.04,0.24,2.63
580,2009.0,1,0.46,0.06,0.41,2.63
581,2004.0,2,0.12,0.0,0.36,2.62
582,2007.0,1,1.06,0.24,0.25,2.62
583,2010.0,1,0.81,0.04,0.21,2.62
584,2009.0,0,1.79,0.01,0.23,2.62
585,2011.0,2,0.14,0.01,0.16,2.62
586,2008.0,0,0.84,0.96,0.19,2.61
587,2002.0,0,1.22,0.04,0.44,2.61
588,2010.0,1,0.52,0.92,0.14,2.6
589,1990.0,1,0.55,0.11,0.08,2.6
590,2008.0,0,1.63,0.04,0.43,2.59
591,2007.0,0,1.12,0.08,0.45,2.59
592,2004.0,2,0.21,0.0,0.35,2.59
593,2009.0,0,1.24,0.01,0.69,2.58
594,2013.0,0,1.33,0.07,0.28,2.58
595,2009.0,1,1.24,0.03,0.27,2.58
596,2007.0,0,0.27,1.75,0.18,2.58
597,2006.0,1,0.88,0.03,0.26,2.58
598,2004.0,1,0.74,0.31,0.22,2.57
599,2010.0,0,1.68,0.33,0.28,2.57
600,2009.0,1,0.56,0.03,0.22,2.57
601,2007.0,2,0.08,0.0,0.35,2.57
602,2001.0,1,0.59,0.21,0.07,2.56
603,1987.0,0,0.0,2.41,0.0,2.56
604,2012.0,2,0.23,0.0,0.22,2.56
605,2003.0,1,0.57,0.7,0.07,2.54
606,2008.0,1,0.87,0.29,0.25,2.54
607,2008.0,2,0.12,0.0,0.2,2.54
608,,2,0.14,0.0,0.03,2.53
609,2001.0,1,1.12,0.06,0.22,2.52
610,2000.0,1,0.75,0.16,0.06,2.52
611,2007.0,1,0.78,0.0,0.24,2.52
612,1986.0,0,0.0,0.52,1.51,2.52
613,2013.0,0,1.31,0.08,0.52,2.51
614,2006.0,2,0.02,0.0,0.19,2.5
615,2008.0,0,0.07,0.26,2.05,2.5
616,1999.0,1,0.14,1.08,0.01,2.5
617,2011.0,0,1.06,0.18,0.39,2.49
618,2003.0,1,0.56,0.0,0.09,2.49
619,2010.0,1,0.97,0.0,0.23,2.49
620,2002.0,1,0.52,0.0,0.15,2.49
621,2008.0,1,0.85,0.1,0.39,2.48
622,2008.0,1,0.85,0.0,0.25,2.48
623,1998.0,1,1.14,0.06,0.13,2.48
624,2012.0,1,0.44,0.05,0.27,2.48
625,,1,0.34,0.0,0.21,2.48
626,2013.0,2,0.2,0.0,0.17,2.47
627,2002.0,1,0.36,0.92,0.07,2.47
628,2010.0,1,0.58,0.0,0.2,2.46
629,2008.0,1,0.54,0.05,0.31,2.45
630,1992.0,0,0.0,2.43,0.02,2.45
631,1997.0,0,0.12,1.34,0.06,2.45
632,1996.0,2,0.25,0.0,0.07,2.44
633,2011.0,1,0.73,0.04,0.22,2.44
634,2006.0,0,0.98,0.0,0.59,2.44
635,2003.0,1,1.19,0.0,0.18,2.43
636,1997.0,1,0.82,0.0,0.1,2.43
637,2008.0,1,0.61,0.02,0.23,2.42
638,1998.0,1,0.61,0.46,0.08,2.42
639,1988.0,1,0.32,0.78,0.05,2.42
640,2010.0,0,1.18,0.54,0.41,2.42
641,2003.0,1,0.22,0.51,0.06,2.41
642,2001.0,2,0.26,0.0,0.08,2.41
643,1998.0,0,0.76,0.7,0.14,2.41
644,2014.0,1,0.76,0.0,0.22,2.41
645,2007.0,0,0.0,0.04,1.68,2.41
646,2015.0,2,0.08,0.0,0.26,2.4
647,1996.0,2,0.24,0.0,0.07,2.4
648,1987.0,0,0.18,1.42,0.03,2.4
649,1997.0,2,0.1,0.0,0.0,2.4
650,,2,0.18,0.0,0.07,2.39
651,2015.0,0,1.49,0.05,0.36,2.39
652,2010.0,1,0.48,0.0,0.18,2.39
653,,1,0.63,0.0,0.22,2.39
655,1994.0,1,0.81,0.0,0.1,2.39
656,2013.0,1,0.87,0.04,0.4,2.39
657,2011.0,1,0.71,0.0,0.2,2.39
658,2005.0,1,0.61,0.03,0.07,2.38
659,2007.0,1,0.97,0.0,0.39,2.38
660,2011.0,1,0.46,0.02,0.18,2.38
661,1998.0,1,0.39,0.03,0.02,2.38
662,2015.0,1,0.76,0.26,0.36,2.38
663,2014.0,1,0.54,0.01,0.37,2.38
664,2010.0,2,0.15,0.0,0.19,2.38
665,2001.0,1,0.91,0.0,0.3,2.38
666,2007.0,2,0.01,0.0,0.18,2.37
667,2004.0,2,0.02,0.08,0.0,2.37
668,2004.0,0,1.08,0.04,0.3,2.37
669,2004.0,1,0.86,0.01,0.26,2.37
670,2009.0,2,0.13,0.0,0.21,2.37
671,2011.0,1,0.74,0.02,0.22,2.36
672,1995.0,0,0.14,1.48,0.05,2.36
673,2010.0,1,1.05,0.0,0.23,2.35
674,1996.0,1,0.48,0.4,0.08,2.35
675,1998.0,0,0.0,2.34,0.01,2.35
676,2008.0,1,0.46,0.01,0.2,2.35
677,2013.0,1,0.83,0.0,0.2,2.34
678,2007.0,0,0.0,0.01,1.41,2.34
679,2008.0,1,0.9,0.0,0.24,2.34
680,2001.0,1,0.7,0.34,0.21,2.34
681,2010.0,1,0.86,0.0,0.2,2.33
682,2015.0,1,0.54,0.47,0.17,2.32
683,2015.0,1,0.14,0.0,0.24,2.32
684,2010.0,1,0.56,0.0,0.19,2.32
685,2000.0,0,0.4,1.06,0.07,2.32
686,1997.0,0,1.35,0.04,0.14,2.32
687,2004.0,0,1.06,0.09,0.32,2.31
688,2004.0,0,0.45,1.21,0.13,2.31
689,1999.0,1,0.64,0.0,0.09,2.31
690,1995.0,0,0.0,2.02,0.01,2.31
691,1998.0,1,0.46,0.1,0.1,2.31
692,2013.0,1,0.85,0.0,0.21,2.3
693,2012.0,0,1.06,0.0,0.29,2.3
694,2008.0,0,0.54,0.62,0.18,2.3
695,2011.0,1,0.75,0.15,0.31,2.29
696,1997.0,0,1.25,0.0,0.13,2.29
697,2013.0,1,0.68,0.04,0.34,2.29
698,2004.0,1,0.8,0.0,0.1,2.28
699,2009.0,0,1.27,0.46,0.26,2.28
700,2014.0,1,0.98,0.0,0.2,2.28
701,2015.0,0,0.0,2.28,0.0,2.28
702,1983.0,0,0.12,1.63,0.02,2.28
703,2008.0,0,0.07,0.01,1.82,2.28
704,2008.0,1,0.9,0.0,0.37,2.28
705,2012.0,1,0.77,0.1,0.36,2.28
706,1997.0,0,2.0,0.02,0.18,2.28
707,2012.0,1,0.39,0.64,0.12,2.27
708,2009.0,1,0.62,0.0,0.31,2.27
709,2006.0,1,0.92,0.04,0.24,2.27
710,2002.0,1,0.1,0.91,0.04,2.27
711,2001.0,0,0.73,0.54,0.09,2.26
712,2007.0,1,0.54,0.02,0.3,2.26
713,,1,0.84,0.0,0.23,2.26
714,2007.0,1,0.57,0.14,0.21,2.26
715,2014.0,0,0.79,0.87,0.32,2.25
716,2002.0,0,0.44,1.06,0.13,2.25
717,1997.0,1,0.46,0.2,0.08,2.25
718,2004.0,1,0.25,0.46,0.06,2.25
719,2011.0,1,0.15,0.0,0.17,2.25
720,2009.0,0,0.41,1.05,0.11,2.25
721,2008.0,0,0.51,0.91,0.32,2.25
722,2001.0,1,0.71,0.22,0.13,2.24
723,2001.0,1,0.83,0.0,0.11,2.23
724,1990.0,1,0.25,0.21,0.03,2.23
725,2008.0,1,0.61,0.0,0.21,2.23
726,2009.0,1,0.85,0.0,0.28,2.23
727,2013.0,1,0.62,0.18,0.16,2.22
728,2003.0,0,1.03,0.0,0.31,2.22
729,2009.0,1,0.32,0.02,0.18,2.22
730,1998.0,1,0.63,0.45,0.13,2.22
731,2010.0,1,0.98,0.0,0.21,2.22
732,2010.0,1,0.55,0.02,0.19,2.21
733,2013.0,1,0.55,0.0,0.19,2.21
734,2006.0,1,0.82,0.05,0.28,2.21
735,2008.0,1,0.24,0.0,0.18,2.2
736,1981.0,2,0.12,0.0,0.02,2.2
737,2007.0,2,0.02,0.0,0.17,2.2
738,2000.0,1,0.51,0.34,0.23,2.2
739,1986.0,0,0.0,2.05,0.0,2.2
740,2008.0,1,0.68,0.02,0.21,2.2
741,2007.0,1,0.91,0.0,0.23,2.2
742,2011.0,0,0.97,0.55,0.33,2.19
743,2006.0,1,0.78,0.02,0.22,2.19
744,2003.0,1,0.44,0.0,0.08,2.19
745,1992.0,0,0.17,1.1,0.05,2.19
746,2000.0,1,0.72,0.3,0.13,2.19
747,2012.0,0,1.07,0.07,0.45,2.19
748,2000.0,0,0.0,2.17,0.01,2.18
749,2002.0,1,0.2,0.0,0.06,2.18
750,2013.0,1,0.78,0.01,0.17,2.18
751,2013.0,1,0.07,0.0,0.13,2.18
752,2006.0,1,0.04,0.73,0.12,2.18
753,2003.0,1,0.17,0.47,0.06,2.17
754,2010.0,1,0.68,0.01,0.2,2.17
755,1998.0,1,0.46,0.08,0.03,2.17
756,1984.0,0,0.11,1.56,0.02,2.17
757,2001.0,1,0.83,0.0,0.1,2.16
758,2009.0,1,0.47,0.0,0.18,2.16
759,2000.0,1,0.55,0.02,0.08,2.15
760,2015.0,0,1.16,0.13,0.32,2.15
761,1987.0,0,0.03,1.98,0.0,2.15
762,2014.0,0,1.41,0.0,0.14,2.15
763,2007.0,0,1.03,0.0,0.59,2.14
764,1996.0,0,0.0,1.45,0.03,2.14
765,1983.0,0,0.0,2.13,0.0,2.14
766,1988.0,1,0.38,0.19,0.1,2.14
767,1992.0,1,0.84,0.0,0.1,2.14
768,1981.0,1,0.12,0.0,0.02,2.13
769,2004.0,1,0.81,0.0,0.27,2.13
770,2006.0,0,0.07,1.35,0.08,2.13
771,2003.0,0,0.37,0.89,0.05,2.13
772,2016.0,0,1.16,0.06,0.33,2.13
773,2010.0,0,0.97,0.02,0.21,2.12
774,2006.0,0,0.05,1.07,0.09,2.12
775,2010.0,1,0.09,0.45,0.11,2.12
776,2001.0,1,0.61,0.05,0.09,2.12
777,1989.0,0,0.33,0.92,0.04,2.12
778,2011.0,1,0.27,0.05,0.18,2.11
779,2009.0,1,0.62,0.0,0.29,2.11
780,2000.0,1,0.4,0.0,0.03,2.11
781,2008.0,0,1.34,0.4,0.26,2.11
782,2002.0,1,0.31,0.02,0.09,2.11
783,2010.0,0,0.45,0.63,0.13,2.11
784,,1,0.56,0.0,0.2,2.11
785,2003.0,0,0.21,1.13,0.13,2.11
786,2011.0,1,0.33,0.0,0.15,2.11
787,1998.0,0,0.07,1.05,0.04,2.1
788,2002.0,1,0.72,0.0,0.22,2.1
789,2002.0,1,0.44,0.04,0.07,2.1
790,2005.0,1,0.13,0.02,0.18,2.1
791,2011.0,1,0.51,0.01,0.17,2.1
792,2005.0,0,0.63,0.29,0.19,2.09
793,1997.0,0,0.0,1.96,0.14,2.09
794,2006.0,1,0.65,0.08,0.2,2.09
795,2003.0,1,0.6,0.05,0.18,2.09
796,2010.0,1,0.12,0.01,0.13,2.09
797,2009.0,1,0.0,0.0,0.12,2.09
798,2006.0,0,0.94,0.0,0.22,2.09
799,2015.0,0,0.93,0.14,0.32,2.09
800,2010.0,0,0.42,0.96,0.25,2.09
801,2010.0,1,0.32,0.0,0.0,2.08
802,2002.0,1,0.71,0.0,0.27,2.08
803,2008.0,0,1.02,0.05,0.39,2.08
804,2007.0,1,0.52,0.0,0.2,2.08
805,2003.0,0,0.33,0.73,0.06,2.08
806,2010.0,0,0.99,0.13,0.36,2.08
807,1998.0,2,0.04,0.0,0.0,2.08
808,1994.0,0,1.08,0.0,0.11,2.08
809,2010.0,0,0.94,0.0,0.35,2.08
810,2002.0,1,0.46,0.0,0.08,2.07
811,2010.0,0,0.42,0.75,0.26,2.07
812,2009.0,1,0.39,0.0,0.19,2.07
813,2011.0,0,0.54,0.54,0.23,2.07
814,2001.0,1,0.36,0.0,0.07,2.07
815,2007.0,1,0.8,0.01,0.22,2.06
816,2010.0,0,0.97,0.02,0.34,2.06
817,2010.0,1,0.63,0.04,0.19,2.06
818,2005.0,0,0.52,0.74,0.08,2.06
819,2004.0,1,0.77,0.04,0.1,2.06
820,1998.0,0,0.46,0.79,0.13,2.06
821,2003.0,1,0.62,0.13,0.25,2.06
822,2013.0,0,0.57,0.46,0.13,2.06
823,2007.0,0,0.92,0.04,0.37,2.05
824,2008.0,1,0.64,0.0,0.19,2.05
825,2013.0,1,0.33,0.04,0.25,2.05
826,2005.0,1,0.06,0.83,0.0,2.05
827,2002.0,1,0.48,0.05,0.06,2.05
828,2013.0,0,0.83,0.15,0.35,2.05
829,1992.0,1,0.25,0.0,0.05,2.05
830,2007.0,0,1.29,0.02,0.25,2.05
831,2009.0,1,0.27,0.53,0.14,2.04
832,2011.0,1,0.42,0.01,0.16,2.04
833,2008.0,0,1.09,0.0,0.23,2.04
834,2006.0,1,0.02,0.0,0.28,2.04
835,2005.0,0,1.02,0.0,0.31,2.04
836,2003.0,1,0.48,0.29,0.07,2.04
837,2011.0,0,1.06,0.03,0.37,2.04
838,2014.0,1,0.25,0.0,0.25,2.03
839,1998.0,1,0.61,0.13,0.05,2.03
840,2011.0,1,0.4,0.0,0.16,2.03
841,2003.0,1,0.18,0.0,0.27,2.03
842,2008.0,1,0.67,0.0,0.3,2.02
843,2005.0,1,0.05,0.01,0.15,2.02
844,2014.0,1,0.09,0.0,0.17,2.02
845,2012.0,0,0.98,0.04,0.18,2.02
846,2007.0,0,1.27,0.0,0.25,2.01
847,2016.0,1,0.62,0.0,0.18,2.01
848,2013.0,0,0.85,0.01,0.37,2.0
849,2012.0,0,0.45,0.53,0.13,2.0
850,2014.0,0,1.31,0.02,0.33,2.0
851,1993.0,0,0.16,1.29,0.03,2.0
852,2008.0,1,0.3,0.0,0.22,2.0
853,1997.0,0,0.64,0.27,0.13,1.99
854,1989.0,0,0.3,0.9,0.04,1.99
855,2002.0,1,0.64,0.05,0.09,1.99
856,2002.0,0,1.09,0.02,0.12,1.98
857,1991.0,0,0.27,0.75,0.04,1.98
858,2013.0,1,0.58,0.0,0.16,1.98
859,2012.0,1,0.63,0.07,0.16,1.98
860,2014.0,0,0.86,0.08,0.32,1.97
861,2010.0,0,0.8,0.0,0.18,1.97
862,2002.0,0,0.95,0.0,0.28,1.97
863,2008.0,1,0.59,0.0,0.19,1.97
864,2003.0,0,0.58,0.51,0.17,1.97
865,2008.0,1,0.64,0.02,0.3,1.97
866,1981.0,1,0.11,0.0,0.02,1.97
867,2013.0,1,0.57,0.02,0.15,1.96
868,2004.0,0,0.5,0.63,0.33,1.96
869,1986.0,1,0.37,0.41,0.05,1.96
870,1985.0,0,0.23,1.53,0.02,1.96
871,2006.0,0,0.03,1.05,0.08,1.96
872,2006.0,1,0.65,0.02,0.2,1.96
873,2014.0,1,0.49,0.0,0.16,1.95
874,2003.0,0,1.01,0.0,0.2,1.95
875,2005.0,1,0.61,0.0,0.09,1.95
876,1994.0,1,0.77,0.0,0.09,1.95
877,2003.0,1,0.2,0.0,0.06,1.95
878,2003.0,0,0.74,0.0,0.25,1.94
879,2008.0,0,1.26,0.01,0.18,1.94
880,1999.0,1,0.0,0.0,0.0,1.94
881,2001.0,0,1.23,0.0,0.13,1.94
882,1989.0,0,0.38,0.55,0.05,1.94
883,2004.0,1,0.15,0.65,0.04,1.94
884,1997.0,1,0.42,0.03,0.07,1.94
885,2002.0,1,0.4,0.0,0.12,1.94
886,2004.0,1,0.72,0.0,0.21,1.93
887,2013.0,1,0.61,0.0,0.17,1.93
888,2008.0,1,0.56,0.0,0.27,1.93
889,1993.0,1,0.39,0.0,0.06,1.93
890,1995.0,0,0.26,1.3,0.03,1.93
891,1998.0,1,0.6,0.2,0.07,1.93
892,2008.0,1,0.24,0.0,0.16,1.93
893,2014.0,0,0.89,0.1,0.37,1.93
894,2008.0,1,0.0,0.29,0.12,1.93
895,2013.0,0,0.87,0.01,0.17,1.92
896,2001.0,0,0.53,0.41,0.06,1.92
897,2009.0,0,0.97,0.01,0.22,1.92
898,2008.0,0,0.85,0.0,0.2,1.92
899,2001.0,0,0.96,0.0,0.2,1.92
900,2003.0,1,0.8,0.0,0.09,1.92
901,2004.0,0,0.73,0.0,0.25,1.92
902,1996.0,0,0.16,1.46,0.03,1.92
903,2009.0,1,0.67,0.0,0.18,1.92
904,2000.0,0,0.16,1.01,0.02,1.91
905,2008.0,1,0.57,0.0,0.19,1.91
906,2008.0,1,0.44,0.0,0.17,1.91
907,2015.0,0,0.78,0.04,0.31,1.91
908,2011.0,1,0.66,0.0,0.17,1.91
909,2001.0,1,0.75,0.03,0.09,1.9
910,2012.0,0,0.92,0.06,0.32,1.9
911,2013.0,0,0.91,0.03,0.22,1.89
912,2008.0,1,0.15,0.0,0.18,1.89
913,2013.0,0,0.3,1.33,0.04,1.89
914,2009.0,1,0.54,0.03,0.26,1.88
915,1999.0,1,0.44,0.0,0.08,1.88
916,2004.0,0,0.72,0.0,0.24,1.88
917,1999.0,0,0.12,1.48,0.03,1.88
918,2005.0,0,0.69,0.09,0.21,1.88
919,1998.0,1,0.36,0.03,0.07,1.88
920,2007.0,0,0.08,0.0,1.33,1.87
921,2002.0,0,0.53,0.3,0.09,1.87
922,1998.0,0,1.47,0.04,0.14,1.87
923,2001.0,0,0.16,1.07,0.1,1.87
924,2013.0,0,0.62,0.4,0.12,1.87
925,2001.0,0,0.52,0.41,0.06,1.86
926,2005.0,1,0.03,0.0,0.08,1.86
927,2004.0,1,0.69,0.03,0.02,1.86
928,1999.0,0,0.44,0.39,0.1,1.86
929,1997.0,1,0.41,0.04,0.04,1.86
930,2004.0,0,1.37,0.0,0.49,1.86
931,2014.0,0,0.92,0.01,0.29,1.86
932,2001.0,0,0.71,0.0,0.24,1.86
933,2009.0,1,0.37,0.0,0.15,1.86
934,1999.0,0,0.42,0.69,0.12,1.86
935,2010.0,0,0.71,0.13,0.16,1.86
936,2013.0,0,0.59,0.55,0.11,1.85
937,2004.0,1,0.49,0.0,0.03,1.85
938,2007.0,0,0.82,0.0,0.2,1.85
939,2004.0,1,0.18,0.35,0.06,1.85
940,1984.0,0,0.19,0.83,0.03,1.85
941,2011.0,1,0.49,0.08,0.23,1.85
942,2001.0,0,1.1,0.42,0.33,1.84
943,2009.0,0,0.34,0.35,0.18,1.84
944,2005.0,1,0.05,0.0,0.25,1.84
945,1998.0,0,0.06,0.93,0.0,1.83
946,2005.0,1,0.49,0.0,0.03,1.83
947,2012.0,0,0.76,0.0,0.23,1.83
948,1996.0,1,0.4,0.03,0.07,1.83
949,2015.0,0,1.02,0.07,0.28,1.83
950,1993.0,0,0.07,1.49,0.02,1.83
951,2007.0,1,0.54,0.02,0.17,1.83
952,1995.0,0,0.33,0.52,0.05,1.83
953,2014.0,0,0.34,0.79,0.09,1.82
954,1994.0,1,0.43,0.03,0.12,1.82
955,2001.0,1,0.07,0.0,0.02,1.82
956,2001.0,1,0.0,0.0,0.0,1.82
957,2007.0,0,0.74,0.07,0.09,1.82
958,2010.0,0,0.21,1.35,0.03,1.81
959,2014.0,0,0.84,0.11,0.31,1.81
960,2003.0,1,0.59,0.0,0.18,1.81
961,2000.0,1,0.51,0.12,0.08,1.81
962,2002.0,0,0.44,0.56,0.04,1.81
963,2004.0,0,0.69,0.0,0.23,1.81
964,2008.0,1,0.03,0.0,0.77,1.8
965,2002.0,0,0.59,0.21,0.07,1.8
966,2006.0,1,0.0,0.01,0.13,1.8
967,2010.0,1,0.21,0.03,0.16,1.8
968,1999.0,1,0.68,0.0,0.12,1.8
969,2015.0,0,0.96,0.07,0.27,1.79
970,1994.0,1,0.39,0.08,0.06,1.79
971,2013.0,0,0.88,0.06,0.34,1.79
972,2012.0,1,0.57,0.03,0.14,1.78
973,2003.0,1,0.29,0.0,0.24,1.78
974,2006.0,0,0.03,1.49,0.03,1.78
975,2001.0,1,0.58,0.0,0.08,1.78
976,2004.0,0,1.01,0.02,0.36,1.78
977,2011.0,0,0.95,0.36,0.14,1.78
978,2010.0,0,0.94,0.06,0.33,1.78
979,2012.0,0,0.46,0.72,0.19,1.78
980,2013.0,0,0.57,0.14,0.13,1.77
981,2005.0,0,0.76,0.0,0.16,1.77
982,2007.0,1,0.45,0.0,0.16,1.77
983,2013.0,0,0.54,0.84,0.08,1.77
984,2013.0,1,0.03,0.0,0.15,1.77
985,1991.0,0,0.09,1.33,0.12,1.77
986,2000.0,0,0.06,1.03,0.04,1.77
987,2001.0,1,0.29,0.24,0.06,1.77
988,2009.0,1,0.45,0.01,0.24,1.77
989,1991.0,0,0.31,0.56,0.04,1.76
990,1998.0,1,0.42,0.0,0.07,1.76
991,2004.0,1,0.54,0.0,0.16,1.76
992,2001.0,0,0.38,0.4,0.06,1.76
993,1994.0,1,0.47,0.2,0.07,1.76
994,1986.0,0,0.12,1.09,0.02,1.76
995,2004.0,0,0.67,0.0,0.22,1.76
996,2002.0,1,0.46,0.0,0.07,1.76
997,2002.0,0,0.67,0.0,0.22,1.76
998,2013.0,0,0.69,0.04,0.31,1.76
999,2012.0,0,0.9,0.01,0.17,1.76
1000,2007.0,1,0.47,0.0,0.03,1.76
1001,2015.0,1,0.48,0.0,0.16,1.76
1002,2004.0,0,0.95,0.0,0.29,1.76
1003,2007.0,0,1.07,0.02,0.32,1.76
1004,2001.0,0,0.87,0.02,0.26,1.76
1005,1998.0,1,0.04,0.0,0.04,1.75
1006,2013.0,0,0.37,0.25,0.24,1.75
1007,2004.0,1,0.45,0.0,0.07,1.75
1008,2001.0,0,0.9,0.53,0.27,1.75
1009,2007.0,1,0.54,0.03,0.18,1.75
1010,1991.0,0,0.13,0.91,0.01,1.75
1011,1993.0,0,0.34,0.21,0.27,1.75
1012,1993.0,0,0.14,0.8,0.02,1.75
1013,2009.0,0,0.66,0.08,0.18,1.75
1014,2008.0,0,0.66,0.01,0.22,1.75
1015,2004.0,1,0.46,0.0,0.03,1.75
1016,1999.0,0,0.89,0.04,0.1,1.74
1017,2002.0,0,0.49,0.45,0.17,1.74
1018,2011.0,0,0.63,0.02,0.25,1.74
1019,2009.0,1,0.4,0.0,0.16,1.74
1020,2015.0,0,0.89,0.03,0.14,1.74
1021,2010.0,0,0.61,0.01,0.16,1.74
1022,1996.0,1,0.04,0.0,0.01,1.74
1023,1998.0,1,0.04,0.0,0.04,1.74
1024,2014.0,0,0.88,0.06,0.3,1.74
1025,2011.0,0,0.75,0.13,0.27,1.74
1026,2014.0,0,0.66,0.12,0.27,1.73
1027,2001.0,0,0.66,0.0,0.22,1.73
1028,2016.0,0,0.68,0.14,0.26,1.73
1029,1998.0,1,0.2,0.0,0.05,1.73
1030,2001.0,0,0.62,0.1,0.07,1.73
1031,2013.0,1,0.44,0.0,0.14,1.73
1032,2002.0,0,0.7,0.0,0.08,1.73
1033,2012.0,1,0.52,0.01,0.14,1.73
1034,2003.0,0,0.66,0.0,0.22,1.72
1035,2015.0,0,0.78,0.06,0.27,1.72
1036,2015.0,0,0.78,0.0,0.28,1.72
1037,2008.0,0,0.18,0.0,0.94,1.72
1038,2008.0,0,0.83,0.0,0.19,1.72
1039,2011.0,0,0.98,0.0,0.33,1.72
1040,2004.0,1,0.03,0.0,0.08,1.72
1041,2003.0,0,0.21,0.55,0.15,1.72
1042,2010.0,0,0.87,0.0,0.25,1.71
1043,2009.0,1,0.16,0.0,0.12,1.71
1044,1998.0,0,0.64,0.0,0.08,1.71
1045,2007.0,1,0.41,0.0,0.15,1.71
1046,2004.0,0,0.34,0.32,0.18,1.71
1047,2003.0,1,0.55,0.0,0.07,1.71
1048,2006.0,0,0.0,1.71,0.0,1.71
1049,2001.0,1,0.39,0.0,0.06,1.71
1050,2009.0,1,0.0,0.0,0.12,1.7
1051,2014.0,0,1.08,0.03,0.26,1.7
1052,2009.0,0,0.24,0.0,1.23,1.7
1053,2008.0,0,0.42,0.14,0.15,1.7
1054,2007.0,0,1.12,0.0,0.09,1.7
1055,2011.0,0,0.21,0.79,0.08,1.7
1056,1993.0,0,0.0,1.69,0.01,1.7
1057,2007.0,0,0.83,0.0,0.19,1.7
1058,2006.0,1,0.05,0.0,0.23,1.7
1059,2005.0,1,0.34,0.04,0.1,1.69
1060,2014.0,1,0.18,0.0,0.15,1.69
1061,2008.0,0,0.54,0.02,0.25,1.69
1062,2013.0,1,0.53,0.01,0.14,1.69
1063,1999.0,0,0.64,0.0,0.11,1.69
1064,2009.0,0,0.44,0.08,0.22,1.69
1065,2015.0,0,1.01,0.0,0.13,1.69
1066,1997.0,1,0.28,0.03,0.02,1.69
1067,1998.0,1,0.48,0.04,0.07,1.69
1068,2001.0,0,0.66,0.08,0.08,1.69
1069,2008.0,0,0.71,0.01,0.18,1.69
1070,2002.0,1,0.12,0.0,0.05,1.69
1071,2010.0,0,0.52,0.0,0.19,1.69
1072,2005.0,0,0.42,0.22,0.06,1.69
1073,2012.0,0,0.52,0.07,0.3,1.69
1074,2007.0,0,0.47,0.0,0.32,1.68
1075,2006.0,0,0.64,0.0,0.22,1.68
1076,1997.0,1,0.06,0.0,0.04,1.68
1077,2012.0,0,0.64,0.0,0.15,1.68
1078,1992.0,0,0.24,0.82,0.03,1.68
1079,1997.0,0,0.87,0.33,0.1,1.68
1080,2003.0,1,0.0,0.0,0.0,1.68
1081,2008.0,1,0.3,0.0,0.14,1.68
1082,2007.0,0,0.55,0.04,0.17,1.68
1083,2002.0,1,0.27,0.17,0.06,1.68
1084,2008.0,0,0.57,0.0,0.17,1.67
1085,2003.0,0,0.52,0.0,0.22,1.67
1086,2008.0,0,1.02,0.0,0.2,1.67
1087,2000.0,1,0.05,0.0,0.04,1.67
1088,2006.0,0,0.59,0.01,0.26,1.67
1089,2013.0,0,0.67,0.42,0.15,1.67
1090,2005.0,1,0.39,0.0,0.06,1.67
1091,1989.0,0,0.3,0.42,0.04,1.67
1092,2001.0,1,0.49,0.02,0.07,1.67
1093,2001.0,0,0.95,0.03,0.1,1.67
1094,2013.0,0,0.65,0.0,0.19,1.67
1095,2003.0,0,0.59,0.04,0.07,1.67
1096,2001.0,1,0.32,0.0,0.22,1.67
1097,2003.0,1,0.09,0.0,0.23,1.67
1098,2003.0,1,0.45,0.0,0.14,1.67
1099,2015.0,0,0.66,0.11,0.26,1.66
1100,2007.0,0,0.73,0.06,0.3,1.66
1101,1992.0,1,0.3,0.31,0.04,1.66
1102,2000.0,0,0.61,0.06,0.2,1.66
1103,2012.0,0,0.64,0.01,0.14,1.66
1104,2004.0,0,0.63,0.0,0.21,1.66
1105,2006.0,0,0.7,0.02,0.18,1.66
1106,2002.0,1,0.15,0.03,0.22,1.66
1107,2005.0,0,0.12,0.54,0.04,1.66
1108,1981.0,1,0.1,0.0,0.02,1.65
1109,2004.0,0,0.11,0.6,0.05,1.65
1110,1991.0,1,0.38,0.15,0.05,1.65
1111,2011.0,0,0.68,0.33,0.16,1.65
1112,2004.0,0,0.0,1.65,0.0,1.65
1113,2008.0,1,0.38,0.02,0.16,1.65
1114,2007.0,0,0.02,1.27,0.03,1.64
1115,2004.0,0,0.05,0.76,0.03,1.64
1116,2011.0,0,0.72,0.0,0.16,1.64
1117,1982.0,1,0.1,0.0,0.02,1.64
1118,1999.0,0,0.63,0.0,0.08,1.64
1119,1986.0,0,0.26,0.61,0.03,1.64
1120,2002.0,0,0.63,0.0,0.21,1.64
1121,2005.0,1,0.15,0.0,0.05,1.64
1122,2004.0,0,0.88,0.0,0.22,1.64
1123,2010.0,1,0.48,0.0,0.14,1.64
1124,2015.0,0,0.89,0.05,0.25,1.64
1125,2004.0,1,0.02,0.0,0.07,1.63
1126,2006.0,0,0.96,0.02,0.2,1.63
1127,2001.0,0,0.25,0.56,0.04,1.63
1128,,0,0.81,0.0,0.24,1.63
1129,2011.0,0,0.73,0.02,0.28,1.63
1130,2003.0,1,0.34,0.0,0.1,1.63
1131,1999.0,0,0.48,0.32,0.11,1.63
1132,2014.0,1,0.14,0.0,0.15,1.63
1133,2004.0,1,0.09,0.0,0.22,1.62
1134,2010.0,0,0.85,0.02,0.17,1.62
1135,,0,0.41,0.0,0.22,1.62
1136,2005.0,0,0.63,0.01,0.19,1.62
1137,2011.0,0,0.61,0.03,0.15,1.62
1138,2006.0,0,0.04,0.49,0.1,1.62
1139,2003.0,1,0.11,0.45,0.04,1.62
1140,1998.0,0,0.61,0.0,0.11,1.62
1141,2006.0,0,0.38,0.3,0.13,1.61
1142,2004.0,0,0.62,0.0,0.21,1.61
1143,2013.0,0,0.53,0.03,0.13,1.61
1144,1989.0,0,0.27,0.65,0.03,1.61
1145,1998.0,0,0.0,1.61,0.01,1.61
1146,2005.0,0,0.38,0.2,0.04,1.61
1147,2005.0,0,1.18,0.0,0.43,1.61
1148,2007.0,1,0.0,0.0,0.11,1.61
1149,2014.0,0,0.68,0.01,0.13,1.61
1150,2008.0,0,0.48,0.01,0.15,1.6
1151,2011.0,0,0.99,0.0,0.22,1.6
1152,2005.0,1,0.23,0.0,0.07,1.6
1153,2008.0,0,0.69,0.02,0.18,1.6
1154,1998.0,0,0.96,0.09,0.08,1.6
1155,1981.0,1,0.09,0.0,0.02,1.6
1156,1999.0,0,0.48,0.3,0.1,1.6
1157,2008.0,0,0.02,1.36,0.02,1.6
1158,2016.0,0,0.74,0.02,0.26,1.6
1159,2003.0,1,0.44,0.06,0.04,1.6
1160,2004.0,1,0.12,0.0,0.21,1.59
1161,1996.0,0,1.58,0.0,0.0,1.59
1162,2006.0,1,0.36,0.04,0.04,1.59
1163,1996.0,0,0.41,0.46,0.1,1.59
1164,2008.0,0,0.46,0.34,0.21,1.59
1165,1982.0,1,0.09,0.0,0.02,1.59
1166,2007.0,0,1.1,0.32,0.13,1.59
1167,2008.0,0,0.44,0.07,0.15,1.59
1168,2010.0,0,0.5,0.0,0.14,1.59
1169,1999.0,0,0.6,0.0,0.1,1.59
1170,2014.0,0,0.8,0.03,0.29,1.58
1171,2008.0,0,0.56,0.0,0.15,1.58
1172,2008.0,0,0.58,0.0,0.16,1.58
1173,2008.0,0,0.6,0.01,0.17,1.58
1174,2000.0,0,0.6,0.0,0.1,1.58
1175,2012.0,0,0.8,0.01,0.15,1.58
1176,2009.0,0,0.49,0.0,0.15,1.58
1177,2008.0,0,0.76,0.0,0.17,1.58
1178,2012.0,0,0.26,0.34,0.09,1.58
1179,2007.0,1,0.37,0.0,0.15,1.58
1180,2009.0,0,0.44,0.44,0.12,1.58
1181,2002.0,0,0.65,0.0,0.08,1.58
1182,2009.0,0,0.18,0.12,1.16,1.57
1183,2001.0,0,0.6,0.0,0.2,1.57
1184,2002.0,0,0.53,0.0,0.06,1.57
1185,2005.0,0,0.11,0.46,0.04,1.57
1186,2012.0,0,0.64,0.49,0.25,1.56
1187,2000.0,0,0.6,0.0,0.2,1.56
1188,2006.0,1,0.4,0.0,0.1,1.56
1189,1988.0,0,0.14,0.81,0.02,1.56
1190,1995.0,1,0.19,0.0,0.05,1.56
1191,2016.0,0,0.44,0.33,0.21,1.56
1192,1990.0,0,0.17,0.69,0.03,1.56
1193,2001.0,0,0.0,1.56,0.0,1.56
1194,2003.0,0,0.38,0.44,0.05,1.56
1195,2013.0,0,0.75,0.01,0.21,1.56
1196,2010.0,0,0.56,0.0,0.15,1.55
1197,2012.0,0,0.54,0.04,0.25,1.55
1198,2002.0,0,0.59,0.0,0.2,1.55
1199,2003.0,0,0.57,0.0,0.07,1.55
1200,2008.0,0,0.44,0.19,0.14,1.55
1201,2010.0,0,0.47,0.02,0.22,1.55
1202,2000.0,1,0.38,0.02,0.03,1.55
1203,2001.0,0,0.87,0.02,0.09,1.55
1204,2014.0,0,0.53,0.0,0.13,1.55
1205,2010.0,0,0.53,0.0,0.22,1.55
1206,2011.0,0,0.51,0.21,0.23,1.55
1207,1999.0,1,0.0,0.0,0.0,1.55
1208,2011.0,1,0.36,0.0,0.12,1.55
1209,2015.0,0,0.5,0.24,0.11,1.55
1210,2013.0,1,0.35,0.01,0.12,1.54
1211,2007.0,0,0.43,0.29,0.14,1.54
1212,2015.0,0,0.22,0.52,0.1,1.54
1213,2000.0,0,0.44,0.08,0.19,1.54
1214,2003.0,0,0.87,0.0,0.09,1.54
1215,2006.0,1,0.02,0.02,0.1,1.54
1216,2008.0,0,0.52,0.01,0.15,1.54
1217,2005.0,1,0.07,0.0,0.21,1.54
1218,1996.0,0,0.58,0.0,0.1,1.54
1219,2012.0,0,0.69,0.0,0.21,1.53
1220,2009.0,0,0.41,0.0,0.21,1.53
1221,2008.0,0,0.65,0.01,0.17,1.53
1222,2007.0,0,0.79,0.0,0.17,1.53
1223,1994.0,1,0.29,0.0,0.05,1.53
1224,1998.0,1,0.05,0.0,0.04,1.53
1225,2009.0,0,0.43,0.0,0.14,1.53
1226,2016.0,0,1.26,0.0,0.1,1.53
1227,2003.0,1,0.15,0.25,0.04,1.53
1228,1997.0,0,0.58,0.0,0.1,1.53
1229,2014.0,0,0.52,0.15,0.12,1.52
1230,2011.0,0,0.45,0.0,0.13,1.52
1231,2007.0,0,0.69,0.0,0.39,1.52
1232,1997.0,1,0.39,0.0,0.06,1.52
1233,2002.0,0,0.9,0.0,0.27,1.52
1234,1996.0,1,0.05,0.0,0.04,1.52
1235,1984.0,0,0.0,1.52,0.0,1.52
1236,1984.0,0,0.06,1.27,0.01,1.52
1237,1998.0,1,0.04,0.0,0.04,1.52
1238,1998.0,1,0.05,0.0,0.03,1.52
1239,2010.0,0,0.72,0.04,0.26,1.52
1240,2006.0,0,0.63,0.03,0.26,1.52
1241,2002.0,1,0.31,0.06,0.04,1.52
1242,2002.0,1,0.05,0.0,0.21,1.51
1243,2014.0,1,0.09,0.0,0.12,1.51
1244,2010.0,0,0.71,0.0,0.15,1.51
1245,2011.0,0,0.54,0.0,0.13,1.51
1246,2011.0,0,1.16,0.0,0.34,1.51
1247,2013.0,0,0.0,1.51,0.0,1.51
1248,1988.0,0,0.15,0.42,0.01,1.51
1249,2001.0,0,1.16,0.0,0.11,1.51
1250,1997.0,1,0.06,0.0,0.04,1.51
1251,2007.0,0,0.03,0.0,1.13,1.51
1252,1997.0,1,0.27,0.0,0.05,1.51
1253,2003.0,0,0.32,0.11,0.08,1.5
1254,2011.0,0,0.58,0.05,0.23,1.5
1255,2000.0,0,0.52,0.15,0.17,1.5
1256,2010.0,0,0.48,0.0,0.17,1.5
1257,1998.0,1,0.05,0.0,0.04,1.5
1258,2002.0,0,0.78,0.0,0.23,1.5
1259,2010.0,1,0.31,0.0,0.11,1.5
1260,2000.0,1,0.07,0.05,0.2,1.5
1261,2000.0,1,0.27,0.02,0.02,1.5
1262,1985.0,0,0.1,0.92,0.02,1.5
1263,1993.0,1,0.36,0.09,0.05,1.5
1264,1986.0,0,0.0,1.5,0.0,1.5
1265,2010.0,0,0.53,0.09,0.12,1.5
1266,2008.0,1,0.2,0.0,0.16,1.5
1267,1998.0,1,0.14,0.1,0.04,1.5
1268,2009.0,1,0.28,0.0,0.13,1.49
1269,2003.0,0,0.38,0.36,0.04,1.49
1270,2002.0,1,0.43,0.0,0.06,1.49
1271,2008.0,1,0.0,0.0,0.27,1.49
1272,2008.0,1,0.36,0.0,0.13,1.49
1273,2000.0,0,0.36,0.25,0.06,1.49
1274,2006.0,0,1.1,0.0,0.39,1.49
1275,2008.0,0,0.52,0.01,0.14,1.49
1276,2010.0,0,0.73,0.0,0.15,1.49
1277,2009.0,0,0.69,0.28,0.14,1.48
1278,2006.0,0,0.88,0.0,0.18,1.48
1279,2006.0,0,0.37,0.52,0.12,1.48
1280,1990.0,0,0.5,0.65,0.05,1.48
1281,1999.0,1,0.25,0.02,0.02,1.48
1282,1997.0,0,0.35,0.39,0.04,1.48
1283,2011.0,0,0.47,0.03,0.2,1.48
1284,2005.0,0,0.56,0.0,0.19,1.48
1285,2004.0,1,0.2,0.0,0.2,1.48
1286,2004.0,0,0.59,0.0,0.07,1.48
1287,2007.0,0,0.92,0.0,0.17,1.47
1288,2012.0,0,0.55,0.06,0.28,1.47
1289,2008.0,0,0.41,0.14,0.2,1.47
1290,1999.0,0,0.18,0.65,0.02,1.47
1291,2003.0,1,0.37,0.0,0.06,1.47
1292,2006.0,1,0.03,0.01,0.1,1.47
1293,2013.0,0,0.4,0.44,0.18,1.47
1294,2008.0,0,0.2,0.49,0.09,1.47
1295,2010.0,0,0.4,0.0,0.12,1.47
1296,2008.0,0,0.5,0.03,0.15,1.47
1297,2007.0,1,0.2,0.0,0.12,1.47
1298,2012.0,0,0.72,0.02,0.33,1.47
1299,1998.0,0,0.19,0.89,0.1,1.46
1300,2004.0,1,0.38,0.0,0.06,1.46
1301,2012.0,0,0.4,0.02,0.12,1.46
1302,2008.0,0,0.46,0.04,0.15,1.46
1303,2003.0,0,0.56,0.0,0.19,1.46
1304,2008.0,0,0.83,0.0,0.17,1.46
1305,,0,0.55,0.0,0.1,1.46
1306,2011.0,0,0.48,0.02,0.12,1.46
1307,2001.0,0,0.37,0.1,0.04,1.46
1308,1981.0,1,0.08,0.0,0.02,1.46
1309,1998.0,0,0.55,0.0,0.1,1.46
1310,2005.0,0,0.24,0.25,0.04,1.46
1311,2012.0,0,0.59,0.03,0.21,1.46
1312,2012.0,0,0.4,0.0,0.11,1.46
1313,2012.0,0,0.65,0.06,0.28,1.46
1314,1998.0,1,0.2,0.04,0.05,1.46
1315,2006.0,0,0.58,0.0,0.35,1.46
1316,2013.0,0,0.75,0.07,0.12,1.46
1317,2004.0,0,0.47,0.54,0.07,1.45
1318,2013.0,0,0.44,0.0,0.12,1.45
1319,2015.0,0,0.46,0.0,0.13,1.45
1320,2008.0,0,0.49,0.01,0.21,1.45
1321,2004.0,0,0.55,0.0,0.19,1.45
1322,2011.0,0,1.13,0.0,0.32,1.45
1323,2003.0,0,0.35,0.46,0.1,1.45
1324,2007.0,0,0.76,0.0,0.16,1.45
1325,1996.0,0,0.0,1.44,0.01,1.45
1326,1984.0,0,0.0,1.45,0.0,1.45
1327,1993.0,0,0.0,1.45,0.0,1.45
1328,1997.0,0,0.0,1.44,0.01,1.45
1329,1999.0,1,0.17,0.03,0.01,1.45
1330,2008.0,0,0.34,0.0,0.13,1.45
1331,2010.0,0,0.08,1.24,0.02,1.45
1332,2005.0,1,0.05,0.0,0.02,1.45
1333,2007.0,0,0.9,0.0,0.18,1.45
1334,2007.0,0,0.53,0.0,0.13,1.44
1335,2007.0,0,1.08,0.0,0.32,1.44
1336,2006.0,0,0.42,0.0,0.28,1.44
1337,2013.0,0,0.77,0.0,0.19,1.44
1338,1996.0,0,0.07,1.09,0.02,1.44
1339,2014.0,0,0.79,0.08,0.23,1.44
1340,2007.0,0,0.38,0.0,0.13,1.44
1341,2010.0,0,0.4,0.0,0.12,1.44
1342,2006.0,1,0.07,0.02,0.11,1.44
1343,2013.0,0,0.74,0.05,0.31,1.44
1344,2004.0,1,0.32,0.0,0.09,1.44
1345,2011.0,0,0.5,0.0,0.21,1.44
1346,2002.0,1,0.08,0.0,0.19,1.44
1347,1999.0,0,0.54,0.0,0.09,1.43
1348,2013.0,0,0.37,0.0,0.11,1.43
1349,2009.0,0,0.39,0.0,0.13,1.43
1350,2009.0,0,0.46,0.0,0.13,1.43
1351,2008.0,0,0.48,0.0,0.14,1.43
1352,1988.0,0,0.23,0.35,0.03,1.43
1353,2004.0,0,0.0,1.39,0.03,1.43
1354,1999.0,0,0.54,0.0,0.09,1.43
1355,2013.0,0,0.04,1.3,0.01,1.42
1356,2002.0,0,0.54,0.0,0.18,1.42
1357,2010.0,0,0.41,0.02,0.19,1.42
1358,2005.0,1,0.05,0.0,0.02,1.42
1359,2004.0,0,0.22,0.22,0.1,1.42
1360,2004.0,1,0.08,0.0,0.19,1.42
1361,2011.0,0,0.57,0.0,0.14,1.42
1362,1994.0,0,0.12,0.71,0.02,1.42
1363,1987.0,0,0.0,1.3,0.0,1.42
1364,2008.0,0,0.4,0.0,0.13,1.42
1365,2002.0,0,0.38,0.35,0.05,1.42
1366,2009.0,0,0.21,1.18,0.03,1.42
1367,2014.0,0,0.64,0.06,0.25,1.41
1368,2006.0,0,0.51,0.0,0.32,1.41
1369,2010.0,0,0.63,0.0,0.14,1.41
1370,2009.0,0,0.34,0.0,0.13,1.41
1371,2005.0,1,0.28,0.0,0.04,1.41
1372,2013.0,0,0.34,0.0,0.11,1.41
1373,2014.0,1,0.15,0.0,0.19,1.41
1374,1994.0,0,0.37,0.03,0.05,1.41
1375,2004.0,0,0.45,0.32,0.28,1.41
1376,2010.0,0,0.31,0.13,0.1,1.41
1377,1999.0,1,0.34,0.0,0.05,1.41
1378,2003.0,0,0.47,0.77,0.17,1.41
1379,2001.0,1,0.17,0.0,0.05,1.41
1380,2004.0,0,0.54,0.0,0.18,1.41
1381,2010.0,0,0.47,0.0,0.12,1.4
1382,2002.0,1,0.28,0.0,0.05,1.4
1383,2008.0,0,0.08,0.03,0.93,1.4
1384,1996.0,1,0.2,0.0,0.05,1.4
1385,2008.0,0,0.7,0.01,0.27,1.4
1386,2004.0,0,0.52,0.08,0.06,1.4
1387,1990.0,0,0.0,1.39,0.01,1.4
1388,2013.0,0,0.86,0.0,0.16,1.4
1389,2002.0,0,1.05,0.02,0.3,1.4
1390,2001.0,0,0.53,0.0,0.09,1.39
1391,2016.0,0,0.66,0.02,0.22,1.39
1392,2007.0,0,0.42,0.54,0.1,1.39
1393,2009.0,1,0.02,0.0,0.09,1.39
1394,2011.0,0,0.6,0.07,0.23,1.39
1395,1994.0,1,0.16,0.0,0.03,1.39
1396,1991.0,1,0.17,0.15,0.02,1.39
1397,2005.0,0,0.18,0.91,0.06,1.39
1398,2007.0,0,0.38,0.0,0.13,1.39
1399,2012.0,0,0.62,0.0,0.26,1.39
1400,2011.0,0,0.48,0.02,0.12,1.39
1401,2003.0,0,0.37,0.0,0.05,1.38
1402,2005.0,0,0.56,0.0,0.33,1.38
1403,2000.0,0,0.18,0.59,0.02,1.38
1404,2012.0,0,0.32,0.49,0.07,1.38
1405,2014.0,0,0.38,0.02,0.11,1.38
1406,1998.0,0,0.54,0.0,0.07,1.38
1407,2012.0,0,0.34,0.38,0.21,1.38
1408,2010.0,0,0.57,0.15,0.22,1.38
1409,2009.0,0,0.53,0.0,0.13,1.38
1410,2007.0,1,0.04,0.0,0.09,1.38
1411,2009.0,0,0.43,0.01,0.13,1.38
1412,2001.0,0,0.53,0.0,0.18,1.38
1413,2011.0,0,0.58,0.0,0.15,1.38
1414,2008.0,0,0.01,0.0,0.76,1.37
1415,2014.0,0,0.62,0.06,0.23,1.37
1416,2006.0,0,0.7,0.16,0.26,1.37
1417,1998.0,0,0.52,0.0,0.09,1.37
1418,2014.0,0,0.78,0.01,0.09,1.37
1419,2008.0,0,0.67,0.02,0.26,1.37
1420,2010.0,0,0.5,0.01,0.13,1.37
1421,2004.0,0,0.33,0.0,0.05,1.37
1422,2010.0,0,0.6,0.0,0.22,1.37
1423,1998.0,0,0.0,1.37,0.0,1.37
1424,2014.0,0,0.27,0.02,0.22,1.36
1425,2004.0,0,0.45,0.0,0.06,1.36
1426,2003.0,0,0.66,0.0,0.07,1.36
1427,2008.0,0,0.58,0.01,0.15,1.36
1428,2008.0,0,0.04,0.0,1.09,1.36
1429,1986.0,0,0.08,1.0,0.01,1.36
1430,1996.0,0,0.0,1.36,0.0,1.36
1431,1981.0,1,0.08,0.0,0.01,1.36
1432,2014.0,0,0.51,0.28,0.09,1.36
1433,2013.0,0,0.42,0.0,0.11,1.36
1434,2002.0,0,0.52,0.0,0.17,1.36
1435,,0,0.47,0.0,0.13,1.36
1436,2011.0,0,0.29,0.11,0.14,1.35
1437,1999.0,0,0.0,1.26,0.09,1.35
1438,2010.0,0,0.76,0.08,0.27,1.35
1439,1997.0,1,0.03,0.0,0.03,1.35
1440,2008.0,0,0.73,0.02,0.37,1.35
1441,2007.0,1,0.01,0.06,0.09,1.35
1442,2007.0,0,0.76,0.0,0.39,1.35
1443,2009.0,0,0.57,0.05,0.14,1.35
1444,2010.0,0,0.51,0.05,0.13,1.35
1445,2008.0,0,0.36,0.05,0.18,1.35
1446,2015.0,1,0.21,0.0,0.13,1.35
1447,2004.0,0,0.05,1.06,0.02,1.35
1448,2003.0,0,0.58,0.0,0.07,1.35
1449,2008.0,0,0.34,0.08,0.13,1.35
1450,2008.0,0,0.45,0.04,0.21,1.35
1451,2005.0,0,0.04,1.03,0.04,1.35
1452,2011.0,0,0.5,0.02,0.12,1.35
1453,1997.0,0,0.04,1.07,0.09,1.35
1454,2004.0,0,1.04,0.0,0.31,1.35
1455,2007.0,0,0.89,0.01,0.14,1.35
1456,2011.0,0,0.37,0.13,0.17,1.35
1457,2002.0,0,0.21,0.01,0.18,1.34
1458,2005.0,0,0.07,0.43,0.08,1.34
1459,2006.0,1,0.04,0.1,0.11,1.34
1460,1994.0,1,0.27,0.0,0.04,1.34
1461,2005.0,0,0.43,0.0,0.06,1.34
1462,2004.0,0,0.22,0.24,0.04,1.34
1463,2006.0,1,0.05,0.05,0.01,1.34
1464,2003.0,0,0.51,0.0,0.17,1.34
1465,2000.0,1,0.02,0.0,0.0,1.34
1466,2004.0,1,0.06,0.0,0.18,1.34
1467,2007.0,0,0.5,0.01,0.21,1.33
1468,2004.0,1,0.05,0.0,0.02,1.33
1469,2010.0,0,0.42,0.0,0.11,1.33
1470,2011.0,0,0.59,0.06,0.21,1.33
1471,2013.0,0,0.36,0.0,0.11,1.33
1472,2013.0,0,0.31,0.01,0.12,1.33
1473,2002.0,0,0.35,0.01,0.05,1.33
1474,1998.0,1,0.24,0.0,0.02,1.33
1475,2000.0,0,0.38,0.01,0.05,1.33
1476,2003.0,0,0.35,0.0,0.06,1.33
1477,2000.0,0,0.5,0.0,0.09,1.33
1478,2004.0,0,0.35,0.07,0.04,1.33
1479,2010.0,0,0.31,0.0,0.11,1.33
1480,2013.0,0,0.4,0.32,0.18,1.33
1481,2004.0,0,0.51,0.0,0.17,1.33
1482,2007.0,0,0.48,0.0,0.13,1.33
1483,2010.0,0,0.17,0.58,0.06,1.33
1484,2014.0,0,0.5,0.01,0.1,1.32
1485,2005.0,0,0.38,0.02,0.24,1.32
1486,2008.0,0,0.42,0.0,0.19,1.32
1487,2014.0,0,0.36,0.4,0.17,1.32
1488,2008.0,0,0.13,0.0,1.18,1.32
1489,2014.0,0,0.43,0.18,0.19,1.32
1490,2014.0,0,0.52,0.0,0.11,1.32
1491,1998.0,0,1.16,0.02,0.11,1.32
1492,1985.0,0,0.16,0.4,0.03,1.32
1493,2002.0,1,0.08,0.0,0.18,1.32
1494,1997.0,0,0.5,0.0,0.09,1.32
1495,2003.0,0,0.04,0.96,0.01,1.32
1496,2010.0,0,0.3,0.09,0.16,1.32
1497,1996.0,0,0.5,0.0,0.09,1.32
1498,2011.0,0,0.44,0.04,0.12,1.32
1499,2012.0,0,0.45,0.0,0.11,1.32
1500,,0,0.46,0.0,0.28,1.32
1501,1996.0,0,0.5,0.0,0.09,1.31
1502,2002.0,0,0.5,0.0,0.17,1.31
1503,2009.0,0,0.23,0.0,0.11,1.31
1504,2009.0,0,0.42,0.05,0.13,1.31
1505,2009.0,0,0.35,0.0,0.12,1.31
1506,2009.0,1,0.0,0.0,0.09,1.31
1507,2005.0,0,0.45,0.0,0.07,1.31
1508,1999.0,0,0.67,0.0,0.07,1.31
1509,2009.0,0,0.38,0.0,0.12,1.31
1510,1983.0,1,0.07,0.0,0.02,1.31
1511,2002.0,0,0.5,0.0,0.17,1.31
1512,2008.0,0,0.49,0.0,0.13,1.31
1513,2008.0,1,0.04,0.06,0.09,1.31
1514,2004.0,0,0.43,0.0,0.04,1.31
1515,,1,0.08,0.0,0.01,1.3
1516,2002.0,0,0.35,0.0,0.02,1.3
1517,2011.0,0,0.57,0.06,0.21,1.3
1518,2006.0,1,0.04,0.02,0.17,1.3
1519,2013.0,0,0.44,0.09,0.21,1.3
1520,2005.0,0,0.02,0.0,1.02,1.3
1521,2007.0,0,0.48,0.0,0.13,1.3
1522,1997.0,1,0.2,0.0,0.05,1.3
1523,1995.0,0,0.0,1.29,0.01,1.3
1524,2010.0,0,0.4,0.0,0.11,1.3
1525,1999.0,0,0.38,0.28,0.08,1.3
1526,2015.0,0,0.64,0.02,0.1,1.3
1527,2006.0,0,0.66,0.02,0.15,1.29
1528,2015.0,0,0.47,0.11,0.1,1.29
1529,2002.0,0,0.02,0.85,0.03,1.29
1530,2012.0,0,0.92,0.0,0.25,1.29
1531,2002.0,0,0.27,0.45,0.04,1.29
1532,2005.0,1,0.17,0.02,0.1,1.29
1533,2015.0,0,0.44,0.0,0.12,1.29
1534,2003.0,0,0.34,0.0,0.02,1.29
1535,2004.0,0,0.49,0.0,0.16,1.29
1536,2008.0,1,0.14,0.0,0.1,1.29
1537,2008.0,0,0.4,0.0,0.12,1.29
1538,2008.0,0,0.2,0.24,0.13,1.29
1539,2005.0,1,0.05,0.0,0.01,1.29
1540,2004.0,0,0.49,0.0,0.16,1.28
1541,2014.0,0,0.45,0.01,0.11,1.28
1542,2008.0,0,0.59,0.0,0.14,1.28
1543,2014.0,0,0.46,0.17,0.2,1.28
1544,1989.0,0,0.0,1.28,0.0,1.28
1545,2015.0,0,0.56,0.0,0.11,1.28
1546,1999.0,1,0.14,0.0,0.04,1.28
1547,2012.0,0,0.45,0.0,0.11,1.28
1548,1999.0,1,0.16,0.0,0.04,1.28
1549,2003.0,0,0.49,0.0,0.16,1.28
1550,2012.0,0,0.35,0.36,0.07,1.28
1551,2001.0,0,0.49,0.0,0.16,1.28
1552,2008.0,0,0.56,0.05,0.22,1.27
1553,1997.0,0,0.4,0.21,0.08,1.27
1554,2005.0,1,0.05,0.0,0.0,1.27
1555,2008.0,0,0.03,0.0,0.52,1.27
1556,1995.0,0,0.48,0.0,0.08,1.27
1557,2012.0,0,0.3,0.47,0.06,1.27
1558,1981.0,1,0.08,0.0,0.01,1.27
1559,2008.0,1,0.16,0.0,0.11,1.27
1560,2011.0,0,0.4,0.0,0.12,1.27
1561,2003.0,0,0.37,0.0,0.05,1.27
1562,1984.0,0,0.16,0.41,0.02,1.27
1563,2015.0,0,0.38,0.0,0.12,1.27
1564,2008.0,0,0.2,0.0,0.11,1.27
1565,2002.0,0,0.38,0.26,0.13,1.27
1566,2007.0,0,0.73,0.0,0.15,1.27
1567,2003.0,0,0.3,0.06,0.03,1.27
1568,2004.0,0,0.48,0.0,0.16,1.27
1569,1994.0,0,0.26,0.53,0.08,1.27
1570,2016.0,0,0.0,1.27,0.0,1.27
1571,2008.0,0,0.57,0.0,0.14,1.26
1572,2005.0,0,0.02,1.12,0.01,1.26
1573,2010.0,0,1.01,0.0,0.25,1.26
1574,1998.0,0,0.03,1.1,0.08,1.26
1575,2007.0,0,0.05,0.62,0.05,1.26
1576,2014.0,0,0.42,0.13,0.1,1.26
1577,2006.0,0,0.52,0.03,0.21,1.26
1578,2003.0,0,1.15,0.0,0.11,1.26
1579,1998.0,0,1.13,0.01,0.1,1.26
1580,2007.0,0,0.62,0.0,0.14,1.26
1581,1998.0,0,0.22,0.0,0.04,1.26
1582,2012.0,0,0.51,0.0,0.11,1.26
1583,2007.0,0,0.68,0.0,0.12,1.26
1584,2008.0,0,0.17,0.02,0.13,1.25
1585,2000.0,0,0.47,0.0,0.08,1.25
1586,2008.0,0,0.0,0.01,0.75,1.25
1587,,1,0.07,0.0,0.01,1.25
1588,2007.0,0,0.53,0.03,0.22,1.25
1589,1988.0,0,0.0,1.25,0.0,1.25
1590,1987.0,0,0.0,1.25,0.0,1.25
1591,1996.0,0,0.13,0.1,0.04,1.25
1592,2013.0,0,0.53,0.01,0.23,1.25
1593,2005.0,0,0.19,0.31,0.03,1.25
1594,2006.0,1,0.04,0.03,0.16,1.25
1595,2002.0,1,0.05,0.0,0.0,1.25
1596,2003.0,0,0.48,0.0,0.16,1.25
1597,2004.0,0,0.56,0.0,0.17,1.25
1598,1998.0,1,0.16,0.0,0.04,1.25
1599,2005.0,0,0.03,0.22,0.14,1.24
1600,2001.0,0,0.48,0.0,0.16,1.24
1601,2007.0,1,0.03,0.0,0.09,1.24
1602,2011.0,0,0.19,0.67,0.09,1.24
1603,2007.0,1,0.04,0.0,0.1,1.24
1604,2009.0,0,0.41,0.0,0.19,1.24
1605,2009.0,0,0.48,0.05,0.28,1.24
1606,1997.0,0,0.44,0.0,0.06,1.24
1607,2015.0,0,0.47,0.0,0.11,1.24
1608,2000.0,0,0.19,0.75,0.06,1.24
1609,2008.0,0,0.0,0.0,0.55,1.24
1610,1992.0,0,0.22,0.43,0.03,1.24
1611,2005.0,0,0.38,0.0,0.04,1.24
1612,2007.0,0,0.55,0.0,0.13,1.23
1613,2001.0,0,0.47,0.0,0.16,1.23
1614,2010.0,0,0.64,0.07,0.22,1.23
1615,2004.0,0,0.2,0.07,0.04,1.23
1616,2002.0,0,0.57,0.0,0.07,1.23
1617,2004.0,0,0.47,0.0,0.16,1.23
1618,2003.0,0,0.47,0.0,0.08,1.23
1619,2014.0,0,1.02,0.0,0.13,1.23
1620,2008.0,1,0.14,0.0,0.1,1.23
1621,2007.0,0,0.7,0.03,0.25,1.23
1622,2000.0,0,0.17,0.75,0.02,1.23
1623,2003.0,0,0.33,0.0,0.02,1.23
1624,1998.0,0,0.47,0.0,0.08,1.23
1625,1986.0,0,0.06,0.62,0.01,1.23
1626,2004.0,0,0.27,0.12,0.04,1.23
1627,2009.0,0,0.41,0.21,0.17,1.23
1628,2003.0,0,0.11,0.7,0.02,1.23
1629,2005.0,1,0.06,0.01,0.11,1.23
1630,2016.0,0,0.08,0.0,0.23,1.23
1631,2008.0,0,0.38,0.0,0.12,1.23
1632,2015.0,0,0.63,0.0,0.1,1.23
1633,2007.0,0,0.64,0.0,0.14,1.23
1634,2012.0,0,0.53,0.0,0.2,1.22
1635,2010.0,0,0.47,0.15,0.18,1.22
1636,2004.0,0,0.16,0.46,0.03,1.22
1637,1997.0,0,0.07,1.0,0.02,1.22
1638,1997.0,0,0.3,0.12,0.04,1.22
1639,1999.0,0,0.31,0.08,0.04,1.22
1640,1984.0,0,0.08,0.85,0.02,1.22
1641,2006.0,0,0.46,0.01,0.15,1.22
1642,2011.0,0,0.75,0.11,0.25,1.22
1643,2006.0,0,0.29,0.0,0.21,1.22
1644,1997.0,1,0.05,0.0,0.03,1.22
1645,1997.0,0,0.0,1.14,0.08,1.22
1646,2002.0,0,0.27,0.27,0.07,1.22
1647,1996.0,0,0.46,0.0,0.08,1.22
1648,2001.0,0,0.19,0.0,0.05,1.22
1649,1998.0,0,0.46,0.0,0.08,1.22
1650,2002.0,0,0.46,0.01,0.15,1.22
1651,,0,0.46,0.0,0.16,1.22
1652,2011.0,0,0.44,0.14,0.09,1.22
1653,2006.0,1,0.04,0.0,0.16,1.21
1654,2001.0,0,0.24,0.0,0.04,1.21
1655,2004.0,0,0.4,0.0,0.04,1.21
1656,2010.0,0,0.7,0.01,0.37,1.21
1657,2002.0,1,0.14,0.0,0.04,1.21
1658,2009.0,0,0.43,0.0,0.12,1.21
1659,1992.0,0,0.17,0.35,0.03,1.21
1660,2001.0,0,0.0,1.2,0.01,1.21
1661,1999.0,0,0.48,0.01,0.06,1.21
1662,2000.0,0,0.49,0.28,0.1,1.21
1663,2003.0,0,0.48,0.01,0.03,1.21
1664,2007.0,0,0.32,0.0,0.02,1.21
1665,1997.0,0,0.46,0.0,0.08,1.21
1666,2006.0,0,0.65,0.0,0.32,1.21
1667,2005.0,0,0.88,0.31,0.0,1.2
1668,2002.0,0,0.46,0.0,0.15,1.2
1669,2011.0,0,0.49,0.0,0.2,1.2
1670,2004.0,1,0.04,0.0,0.16,1.2
1671,2004.0,0,0.13,0.56,0.03,1.2
1672,2015.0,0,0.59,0.0,0.1,1.2
1673,2008.0,0,0.31,0.0,0.12,1.2
1674,2015.0,0,0.37,0.01,0.11,1.2
1675,2015.0,0,0.6,0.0,0.19,1.2
1676,1993.0,0,0.0,1.2,0.0,1.2
1677,1986.0,0,0.0,1.2,0.0,1.2
1678,1986.0,0,0.0,1.2,0.0,1.2
1679,1999.0,1,0.05,0.0,0.02,1.2
1680,1989.0,0,0.39,0.36,0.04,1.2
1681,2003.0,0,0.43,0.01,0.04,1.2
1682,2001.0,0,0.46,0.0,0.15,1.2
1683,2006.0,0,0.03,0.36,0.07,1.2
1684,2009.0,0,0.17,0.42,0.06,1.2
1685,2012.0,0,0.24,0.86,0.09,1.2
1686,2013.0,0,0.49,0.0,0.21,1.19
1687,2006.0,0,0.35,0.38,0.09,1.19
1688,1997.0,0,0.45,0.0,0.08,1.19
1689,2014.0,0,0.36,0.19,0.09,1.19
1690,2007.0,0,0.47,0.0,0.28,1.19
1691,2003.0,0,0.32,0.0,0.02,1.19
1692,2008.0,0,0.84,0.11,0.15,1.19
1693,2002.0,0,0.23,0.0,0.04,1.19
1694,2012.0,0,0.64,0.27,0.1,1.19
1695,2006.0,0,0.04,0.0,0.16,1.19
1696,1998.0,1,0.13,0.04,0.01,1.19
1697,1990.0,0,0.14,0.35,0.02,1.19
1698,1999.0,0,0.16,0.0,0.04,1.19
1699,,0,0.38,0.0,0.05,1.19
1700,2013.0,0,0.66,0.0,0.12,1.19
1701,2002.0,0,0.27,0.01,0.04,1.19
1702,2004.0,0,0.24,0.29,0.02,1.19
1703,2016.0,0,0.14,0.0,0.22,1.19
1704,2015.0,0,0.31,0.33,0.08,1.19
1705,2012.0,0,0.2,0.0,0.08,1.19
1706,1999.0,0,0.45,0.0,0.08,1.18
1707,1982.0,1,0.07,0.0,0.01,1.18
1708,2012.0,0,0.25,0.36,0.1,1.18
1709,2008.0,0,0.49,0.0,0.29,1.18
1710,1988.0,0,0.0,1.08,0.0,1.18
1711,1999.0,0,0.24,0.38,0.04,1.18
1712,2000.0,0,0.18,0.44,0.06,1.18
1713,2001.0,0,0.31,0.0,0.02,1.18
1714,2011.0,0,0.46,0.02,0.17,1.18
1715,2009.0,0,0.49,0.01,0.2,1.18
1716,2011.0,0,0.15,0.0,0.08,1.18
1717,2006.0,0,0.07,0.04,0.66,1.18
1718,1991.0,0,0.14,0.52,0.02,1.18
1719,2008.0,0,1.06,0.0,0.09,1.17
1720,1996.0,0,0.44,0.0,0.08,1.17
1721,2011.0,0,0.37,0.0,0.1,1.17
1722,2008.0,0,0.26,0.02,0.15,1.17
1723,2005.0,0,0.04,0.0,0.16,1.17
1724,2002.0,0,0.45,0.0,0.15,1.17
1725,2008.0,0,0.31,0.15,0.11,1.17
1726,2007.0,0,0.49,0.01,0.12,1.17
1727,2012.0,0,0.47,0.01,0.1,1.17
1728,1990.0,0,0.1,0.39,0.0,1.17
1729,2016.0,0,0.64,0.04,0.18,1.17
1730,1997.0,0,0.38,0.02,0.03,1.17
1731,1993.0,0,0.0,1.17,0.0,1.17
1732,2003.0,0,0.45,0.0,0.15,1.17
1733,1998.0,0,0.44,0.0,0.08,1.17
1734,1996.0,0,0.11,0.83,0.08,1.17
1735,2003.0,0,0.36,0.0,0.05,1.17
1736,2012.0,0,0.95,0.0,0.22,1.17
1737,1996.0,0,0.44,0.0,0.08,1.17
1738,2008.0,0,0.51,0.01,0.13,1.17
1739,2015.0,0,0.23,0.0,0.11,1.17
1740,2004.0,0,0.25,0.21,0.02,1.17
1741,2008.0,0,0.52,0.02,0.2,1.16
1742,2009.0,0,0.28,0.0,0.1,1.16
1743,2010.0,0,0.45,0.0,0.14,1.16
1744,2012.0,0,0.52,0.01,0.25,1.16
1745,2007.0,0,0.25,0.3,0.16,1.16
1746,2006.0,0,0.04,0.0,0.16,1.16
1747,2004.0,0,0.44,0.0,0.15,1.16
1748,2007.0,0,0.58,0.0,0.13,1.16
1749,1997.0,0,0.27,0.43,0.08,1.16
1750,2011.0,0,0.39,0.0,0.11,1.16
1751,2001.0,0,0.44,0.0,0.15,1.16
1752,1999.0,0,0.28,0.07,0.02,1.16
1753,1993.0,0,0.08,0.5,0.01,1.16
1754,2002.0,0,0.27,0.0,0.05,1.16
1755,1995.0,0,0.16,0.77,0.02,1.16
1756,1997.0,0,0.44,0.0,0.08,1.16
1757,2007.0,0,0.39,0.02,0.25,1.16
1758,2010.0,0,0.51,0.0,0.12,1.16
1759,2011.0,0,0.38,0.09,0.17,1.16
1760,2005.0,0,0.28,0.0,0.05,1.16
1761,2009.0,0,0.68,0.01,0.32,1.16
1762,2014.0,0,0.54,0.0,0.1,1.16
1763,2008.0,0,1.14,0.0,0.01,1.15
1764,2011.0,0,0.46,0.0,0.17,1.15
1765,2001.0,0,0.44,0.0,0.15,1.15
1766,2007.0,0,0.33,0.09,0.16,1.15
1767,2004.0,0,0.44,0.0,0.15,1.15
1768,1980.0,1,0.07,0.0,0.01,1.15
1769,2010.0,0,0.46,0.06,0.18,1.15
1770,2009.0,0,0.35,0.01,0.11,1.15
1771,2007.0,0,1.12,0.0,0.03,1.15
1772,1990.0,0,0.2,0.41,0.03,1.15
1773,1995.0,0,0.0,1.15,0.0,1.15
1774,1986.0,0,0.0,1.15,0.0,1.15
1775,2008.0,0,0.52,0.0,0.13,1.15
1776,2011.0,0,0.22,0.05,0.12,1.15
1777,2003.0,0,0.16,0.46,0.03,1.15
1778,2011.0,0,0.51,0.0,0.19,1.15
1779,1993.0,0,0.0,1.15,0.0,1.15
1780,2003.0,0,0.44,0.0,0.15,1.15
1781,1998.0,0,0.43,0.0,0.07,1.15
1782,1997.0,0,0.0,1.07,0.07,1.15
1783,2011.0,0,0.26,0.35,0.07,1.14
1784,2000.0,0,0.43,0.0,0.07,1.14
1785,2003.0,0,0.34,0.25,0.11,1.14
1786,2005.0,0,0.03,0.2,0.13,1.14
1787,1998.0,0,0.17,0.65,0.07,1.14
1788,2007.0,0,0.03,0.76,0.04,1.14
1789,2005.0,0,0.04,0.0,0.16,1.14
1790,2008.0,0,0.59,0.02,0.22,1.14
1791,2009.0,0,0.75,0.0,0.14,1.14
1792,1998.0,0,0.23,0.0,0.02,1.14
1793,1986.0,0,0.16,0.25,0.03,1.14
1794,1990.0,0,0.17,0.48,0.02,1.14
1795,2000.0,0,0.23,0.47,0.03,1.14
1796,1991.0,0,0.37,0.15,0.04,1.14
1797,2003.0,0,0.38,0.0,0.05,1.14
1798,2005.0,0,0.3,0.0,0.02,1.14
1799,2005.0,0,0.51,0.0,0.62,1.14
1800,2009.0,0,0.37,0.0,0.11,1.14
1801,2001.0,0,0.1,0.88,0.03,1.14
1802,2004.0,0,0.39,0.01,0.03,1.14
1803,2002.0,1,0.1,0.0,0.03,1.13
1804,2010.0,0,0.41,0.06,0.16,1.13
1805,2011.0,0,0.43,0.0,0.09,1.13
1806,1999.0,0,0.0,1.06,0.07,1.13
1807,2006.0,0,0.3,0.0,0.02,1.13
1808,2012.0,0,0.37,0.37,0.06,1.13
1809,2004.0,0,0.12,0.0,0.02,1.13
1810,2014.0,0,0.56,0.0,0.19,1.13
1811,1983.0,0,0.05,0.84,0.01,1.13
1812,1998.0,0,0.43,0.0,0.07,1.13
1813,2013.0,0,0.39,0.0,0.1,1.13
1814,2014.0,0,0.56,0.04,0.19,1.13
1815,2009.0,0,0.21,0.62,0.08,1.13
1816,2005.0,0,0.3,0.0,0.02,1.13
1817,2009.0,0,0.3,0.0,0.15,1.13
1818,2011.0,0,0.3,0.01,0.09,1.12
1819,1982.0,1,0.06,0.0,0.01,1.12
1820,2001.0,0,0.43,0.0,0.14,1.12
1821,1996.0,0,0.24,0.3,0.02,1.12
1822,2010.0,0,0.37,0.02,0.1,1.12
1823,2013.0,0,0.33,0.28,0.15,1.12
1824,2010.0,0,0.37,0.1,0.16,1.12
1825,2011.0,0,0.2,0.01,0.08,1.12
1826,2014.0,0,0.4,0.0,0.1,1.12
1827,2005.0,1,0.0,0.01,0.08,1.12
1828,2005.0,0,0.4,0.0,0.05,1.12
1829,1992.0,0,0.06,0.63,0.02,1.12
1830,2009.0,0,0.3,0.0,0.54,1.12
1831,2007.0,0,1.12,0.0,0.0,1.12
1832,2004.0,0,0.26,0.0,0.04,1.12
1833,2003.0,0,0.23,0.0,0.04,1.11
1834,2015.0,0,0.58,0.04,0.17,1.11
1835,2007.0,0,0.37,0.0,0.11,1.11
1836,2008.0,0,0.57,0.03,0.2,1.11
1837,2007.0,0,0.04,0.0,0.15,1.11
1838,2014.0,0,0.4,0.0,0.08,1.11
1839,,0,0.06,0.0,0.35,1.11
1840,2005.0,0,0.38,0.0,0.05,1.11
1841,1983.0,0,0.07,0.7,0.01,1.11
1842,1995.0,0,0.0,1.1,0.01,1.11
1843,1994.0,0,0.14,0.0,0.03,1.11
1844,2007.0,0,0.46,0.0,0.12,1.11
1845,2013.0,0,0.31,0.29,0.06,1.11
1846,1999.0,0,0.13,0.73,0.07,1.11
1847,2004.0,0,0.35,0.0,0.23,1.11
1848,2010.0,0,0.42,0.0,0.17,1.11
1849,2009.0,0,0.4,0.0,0.17,1.1
1850,1981.0,1,0.06,0.0,0.01,1.1
1851,2007.0,0,0.53,0.01,0.12,1.1
1852,2015.0,0,0.33,0.17,0.08,1.1
1853,1982.0,1,0.06,0.0,0.01,1.1
1854,1997.0,0,0.42,0.0,0.07,1.1
1855,2012.0,0,0.53,0.0,0.21,1.1
1856,2007.0,0,0.52,0.0,0.12,1.1
1857,2010.0,0,0.46,0.01,0.18,1.1
1858,1999.0,0,0.0,1.1,0.0,1.1
1859,1984.0,0,0.0,1.1,0.0,1.1
1860,1989.0,0,0.0,1.1,0.0,1.1
1861,1989.0,0,0.0,1.1,0.0,1.1
1862,1998.0,0,0.33,0.29,0.03,1.1
1863,1983.0,0,0.12,0.45,0.02,1.1
1864,2008.0,0,0.09,0.0,0.09,1.1
1865,2001.0,0,0.4,0.04,0.13,1.1
1866,2006.0,0,0.75,0.0,0.23,1.1
1867,2006.0,0,0.84,0.0,0.25,1.1
1868,2003.0,0,0.21,0.31,0.04,1.1
1869,2005.0,0,0.33,0.01,0.22,1.1
1870,1998.0,0,0.1,0.72,0.02,1.1
1871,2013.0,0,0.22,0.45,0.12,1.1
1872,2008.0,0,0.41,0.0,0.25,1.09
1873,2008.0,0,0.36,0.0,0.1,1.09
1874,2007.0,0,0.55,0.0,0.31,1.09
1875,2006.0,0,0.04,0.84,0.16,1.09
1876,2009.0,0,0.17,0.01,0.09,1.09
1877,2003.0,0,0.29,0.0,0.02,1.09
1878,2007.0,0,0.52,0.08,0.2,1.09
1879,2000.0,1,0.05,0.0,0.02,1.09
1880,1998.0,0,0.0,1.07,0.02,1.09
1881,2005.0,0,0.18,0.0,0.16,1.09
1882,2006.0,0,0.04,0.0,0.08,1.09
1883,2003.0,1,0.02,0.0,0.05,1.09
1884,2009.0,0,0.97,0.0,0.11,1.09
1885,2006.0,0,0.03,0.01,0.15,1.09
1886,2009.0,0,0.37,0.0,0.11,1.09
1887,2002.0,0,0.42,0.0,0.14,1.09
1888,1997.0,0,0.0,1.02,0.07,1.09
1889,2010.0,0,0.28,0.04,0.13,1.09
1890,2010.0,0,0.54,0.0,0.11,1.09
1891,2012.0,0,0.52,0.0,0.22,1.09
1892,2007.0,0,0.47,0.09,0.09,1.09
1893,1998.0,0,0.41,0.0,0.07,1.09
1894,2010.0,0,0.26,0.0,0.09,1.09
1895,2003.0,0,0.41,0.0,0.14,1.08
1896,2008.0,0,0.41,0.03,0.18,1.08
1897,2002.0,0,0.41,0.0,0.14,1.08
1898,2015.0,0,0.64,0.0,0.08,1.08
1899,2009.0,0,0.12,0.0,0.09,1.08
1900,2002.0,0,0.41,0.0,0.14,1.08
1901,2009.0,0,0.43,0.0,0.11,1.08
1902,2009.0,0,0.32,0.2,0.09,1.08
1903,2012.0,1,0.0,0.0,0.06,1.08
1904,2009.0,0,0.5,0.03,0.28,1.08
1905,2010.0,0,0.69,0.0,0.12,1.08
1906,2007.0,0,0.59,0.0,0.22,1.08
1907,1982.0,1,0.06,0.0,0.01,1.08
1908,2008.0,0,0.43,0.01,0.11,1.08
1909,2004.0,0,0.34,0.0,0.1,1.08
1910,2011.0,0,0.59,0.01,0.21,1.08
1911,2013.0,0,0.4,0.13,0.08,1.08
1912,2008.0,0,0.3,0.0,0.11,1.08
1913,1998.0,0,0.41,0.0,0.07,1.08
1914,2003.0,0,0.29,0.0,0.02,1.08
1915,2002.0,0,0.29,0.0,0.02,1.08
1916,2005.0,0,0.18,0.19,0.03,1.08
1917,2008.0,0,0.35,0.09,0.16,1.08
1918,2011.0,0,0.18,0.03,0.07,1.08
1919,2013.0,1,0.0,0.0,0.06,1.07
1920,1999.0,0,0.0,1.0,0.07,1.07
1921,2006.0,0,0.03,0.0,0.15,1.07
1922,2008.0,0,0.32,0.0,0.1,1.07
1923,2010.0,0,0.39,0.02,0.09,1.07
1924,2008.0,0,0.4,0.03,0.11,1.07
1925,1994.0,0,0.12,0.77,0.02,1.07
1926,1999.0,0,0.98,0.0,0.09,1.07
1927,2009.0,0,0.01,0.0,0.54,1.07
1928,2007.0,0,0.9,0.04,0.05,1.07
1929,2005.0,0,0.06,0.21,0.07,1.07
1930,1997.0,0,0.4,0.0,0.07,1.07
1931,2005.0,0,0.15,0.13,0.05,1.07
1932,2013.0,0,0.44,0.0,0.2,1.07
1933,2012.0,0,0.64,0.05,0.25,1.07
1934,2005.0,0,0.63,0.0,0.34,1.07
1935,2011.0,0,0.3,0.0,0.1,1.07
1936,1995.0,0,0.12,0.71,0.07,1.07
1937,2011.0,0,0.42,0.0,0.1,1.07
1938,1999.0,0,0.4,0.0,0.07,1.07
1939,1998.0,0,0.4,0.0,0.07,1.06
1940,2006.0,0,0.04,0.0,0.14,1.06
1941,2010.0,0,0.4,0.0,0.11,1.06
1942,2002.0,0,0.41,0.0,0.14,1.06
1943,2008.0,0,0.74,0.0,0.1,1.06
1944,2010.0,0,0.29,0.01,0.1,1.06
1945,2007.0,0,0.67,0.0,0.23,1.06
1946,2007.0,0,0.02,0.01,0.08,1.06
1947,1998.0,0,0.0,0.99,0.07,1.06
1948,2008.0,0,0.65,0.0,0.13,1.06
1949,2005.0,0,0.41,0.0,0.14,1.06
1950,2012.0,0,0.5,0.05,0.19,1.06
1951,2008.0,0,0.3,0.01,0.1,1.06
1952,1999.0,0,0.81,0.0,0.08,1.06
1953,2003.0,0,0.41,0.0,0.14,1.06
1954,2008.0,0,0.44,0.0,0.18,1.06
1955,1998.0,1,0.04,0.0,0.01,1.06
1956,1997.0,1,0.05,0.0,0.01,1.06
1957,2009.0,0,0.4,0.0,0.11,1.06
1958,2007.0,0,0.01,0.0,0.08,1.06
1959,2001.0,1,0.02,0.0,0.0,1.06
1960,2016.0,0,0.41,0.1,0.16,1.06
1961,2004.0,0,0.28,0.0,0.02,1.06
1962,2007.0,0,0.59,0.03,0.22,1.06
1963,2002.0,0,0.4,0.0,0.14,1.06
1964,2007.0,0,0.39,0.0,0.17,1.06
1965,2007.0,0,0.06,0.64,0.04,1.06
1966,2014.0,0,0.38,0.0,0.09,1.05
1967,1981.0,0,0.05,0.0,0.01,1.05
1968,2006.0,0,0.11,0.0,0.13,1.05
1969,2014.0,0,0.54,0.0,0.08,1.05
1970,2010.0,0,0.47,0.0,0.18,1.05
1971,1980.0,0,0.05,0.0,0.01,1.05
1972,2010.0,0,0.66,0.0,0.12,1.05
1973,1986.0,0,0.0,1.05,0.0,1.05
1974,1996.0,0,0.0,0.92,0.13,1.05
1975,1985.0,0,0.0,1.05,0.0,1.05
1976,1996.0,0,0.0,1.04,0.01,1.05
1977,2012.0,0,0.34,0.03,0.13,1.05
1978,2002.0,0,0.4,0.0,0.13,1.05
1979,2015.0,0,0.48,0.12,0.15,1.05
1980,2001.0,0,0.26,0.0,0.01,1.05
1981,2000.0,0,0.11,0.0,0.03,1.05
1982,2007.0,0,0.49,0.0,0.11,1.05
1983,2009.0,0,0.38,0.01,0.11,1.05
1984,2005.0,0,0.51,0.0,0.02,1.05
1985,2006.0,0,0.49,0.0,0.11,1.05
1986,2009.0,0,0.32,0.0,0.1,1.05
1987,1998.0,0,0.13,0.66,0.07,1.05
1988,2012.0,0,0.06,0.37,0.04,1.05
1989,2007.0,0,0.4,0.0,0.11,1.05
1990,2008.0,0,0.47,0.0,0.11,1.04
1991,2003.0,0,0.4,0.0,0.13,1.04
1992,,0,0.4,0.0,0.07,1.04
1993,2007.0,0,0.37,0.26,0.09,1.04
1994,2010.0,0,0.37,0.0,0.09,1.04
1995,1997.0,0,0.06,0.83,0.07,1.04
1996,2000.0,0,0.39,0.0,0.07,1.04
1997,2009.0,0,0.35,0.02,0.1,1.04
1998,1996.0,0,0.3,0.22,0.07,1.04
1999,2003.0,0,0.12,0.45,0.03,1.04
2000,2006.0,0,0.03,0.0,0.14,1.04
2001,2011.0,0,0.35,0.01,0.09,1.04
2002,2001.0,0,0.16,0.37,0.12,1.04
2003,1997.0,0,0.2,0.31,0.03,1.04
2004,1998.0,0,0.1,0.0,0.03,1.04
2005,2009.0,0,0.33,0.0,0.09,1.04
2006,2015.0,0,0.69,0.02,0.15,1.04
2007,2005.0,0,0.46,0.0,0.05,1.04
2008,2011.0,0,0.06,0.41,0.05,1.04
2009,2013.0,0,0.34,0.0,0.09,1.04
2010,2010.0,0,0.27,0.0,0.09,1.04
2011,2007.0,0,0.48,0.02,0.19,1.04
2012,2009.0,0,0.58,0.0,0.3,1.04
2013,2005.0,0,0.34,0.0,0.22,1.04
2014,2014.0,0,0.4,0.01,0.17,1.04
2015,2005.0,0,0.03,0.0,0.14,1.03
2016,2008.0,0,0.33,0.01,0.14,1.03
2017,2007.0,0,0.02,0.0,0.08,1.03
2018,2011.0,0,0.51,0.01,0.18,1.03
2019,2012.0,0,0.23,0.0,0.08,1.03
2020,2003.0,0,0.39,0.0,0.13,1.03
2021,,0,0.31,0.0,0.04,1.03
2022,1985.0,0,0.0,0.85,0.0,1.03
2023,2007.0,0,0.47,0.0,0.11,1.03
2024,1996.0,0,0.07,0.0,0.0,1.03
2025,2008.0,0,0.01,0.0,0.08,1.03
2026,1998.0,0,0.12,0.51,0.02,1.03
2027,2011.0,0,0.32,0.01,0.08,1.02
2028,2007.0,0,0.59,0.01,0.11,1.02
2029,2007.0,0,0.46,0.0,0.11,1.02
2030,2007.0,0,0.05,0.02,0.08,1.02
2031,2012.0,0,0.36,0.05,0.08,1.02
2032,2004.0,0,0.26,0.01,0.03,1.02
2033,2007.0,0,0.4,0.0,0.11,1.02
2034,2010.0,0,0.21,0.45,0.08,1.02
2035,1993.0,0,0.12,0.49,0.02,1.02
2036,2008.0,0,0.4,0.0,0.11,1.02
2037,1997.0,0,0.39,0.0,0.07,1.02
2038,2007.0,0,0.04,0.22,0.06,1.02
2039,2006.0,0,0.03,0.0,0.03,1.02
2040,2014.0,0,0.4,0.0,0.17,1.02
2041,2004.0,0,0.39,0.0,0.13,1.02
2042,1998.0,0,0.38,0.0,0.07,1.01
2043,2014.0,0,0.28,0.1,0.3,1.01
2044,2008.0,0,0.35,0.02,0.1,1.01
2045,2010.0,0,0.36,0.03,0.21,1.01
2046,2011.0,0,0.46,0.01,0.09,1.01
2047,2008.0,0,0.22,0.05,0.1,1.01
2048,1995.0,0,0.12,0.0,0.02,1.01
2049,2003.0,0,0.93,0.0,0.08,1.01
2050,2010.0,0,0.44,0.0,0.09,1.01
2051,2006.0,0,0.0,1.01,0.0,1.01
2052,1997.0,0,0.08,0.74,0.07,1.01
2053,2014.0,0,0.48,0.02,0.18,1.01
2054,2009.0,0,0.53,0.0,0.2,1.01
2055,2014.0,0,0.61,0.0,0.18,1.01
2056,2009.0,0,0.0,0.0,0.07,1.0
2057,2003.0,0,0.38,0.0,0.13,1.0
2058,1997.0,0,0.19,0.46,0.07,1.0
2059,2008.0,0,0.76,0.03,0.09,1.0
2060,2000.0,0,0.24,0.38,0.08,1.0
2061,1985.0,0,0.14,0.21,0.0,1.0
2062,2000.0,0,0.15,0.19,0.01,1.0
2063,1991.0,0,0.1,0.47,0.02,1.0
2064,1997.0,0,0.25,0.09,0.03,1.0
2065,2004.0,0,0.0,1.0,0.0,1.0
2066,2003.0,0,0.18,0.03,0.0,1.0
2067,2008.0,0,0.33,0.02,0.15,1.0
2068,2012.0,0,0.21,0.0,0.07,1.0
2069,2006.0,0,0.9,0.02,0.0,1.0
2070,1995.0,0,0.38,0.0,0.07,1.0
2071,2000.0,0,0.38,0.0,0.07,1.0
2072,2013.0,0,0.49,0.04,0.22,1.0
2073,1996.0,0,0.38,0.0,0.07,1.0
2074,2002.0,0,0.1,0.74,0.03,1.0
2075,2005.0,0,0.04,0.01,0.08,1.0
2076,2013.0,0,0.27,0.05,0.15,1.0
2077,2013.0,0,0.38,0.0,0.17,1.0
2078,2010.0,0,0.04,0.0,0.06,1.0
2079,2013.0,0,0.35,0.0,0.16,1.0
2080,2011.0,0,0.28,0.0,0.08,1.0
2081,2008.0,0,0.78,0.0,0.04,1.0
2082,2000.0,0,0.38,0.0,0.07,1.0
2083,2013.0,0,0.28,0.0,0.08,0.99
2084,2005.0,0,0.07,0.39,0.05,0.99
2085,2000.0,0,0.21,0.0,0.04,0.99
2086,2003.0,0,0.2,0.0,0.03,0.99
2087,2008.0,0,0.31,0.0,0.1,0.99
2088,,0,0.39,0.0,0.09,0.99
2089,2013.0,0,0.34,0.01,0.08,0.99
2090,2006.0,0,0.31,0.12,0.19,0.99
2091,2011.0,0,0.0,0.0,0.06,0.99
2092,2011.0,0,0.46,0.0,0.17,0.99
2093,2009.0,0,0.3,0.0,0.09,0.99
2094,2009.0,0,0.3,0.0,0.09,0.99
2095,1998.0,0,0.38,0.0,0.06,0.99
2096,2009.0,0,0.52,0.04,0.09,0.99
2097,2009.0,0,0.05,0.0,0.07,0.99
2098,2008.0,0,0.28,0.0,0.19,0.99
2099,2000.0,0,0.23,0.38,0.08,0.99
2100,2008.0,0,0.15,0.0,0.11,0.99
2101,2007.0,0,0.5,0.0,0.11,0.99
2102,2009.0,0,0.65,0.0,0.11,0.99
2103,2005.0,0,0.2,0.0,0.03,0.99
2104,2012.0,0,0.8,0.0,0.18,0.99
2105,2008.0,0,0.88,0.0,0.08,0.99
2106,2006.0,0,0.05,0.0,0.08,0.98
2107,2008.0,0,0.53,0.19,0.25,0.98
2108,2012.0,0,0.62,0.0,0.14,0.98
2109,2010.0,0,0.26,0.16,0.08,0.98
2110,2013.0,0,0.19,0.0,0.07,0.98
2111,2005.0,0,0.19,0.28,0.02,0.98
2112,2010.0,0,0.46,0.0,0.17,0.98
2113,1993.0,0,0.13,0.21,0.02,0.98
2114,1998.0,0,0.04,0.0,0.01,0.98
2115,,0,0.06,0.0,0.01,0.98
2116,,0,0.23,0.38,0.08,0.98
2117,2010.0,0,0.1,0.27,0.05,0.98
2118,2014.0,0,0.38,0.0,0.17,0.98
2119,2011.0,0,0.54,0.01,0.18,0.98
2120,2012.0,0,0.39,0.06,0.15,0.98
2121,2014.0,0,0.44,0.0,0.08,0.98
2122,2005.0,0,0.92,0.0,0.05,0.98
2123,2013.0,0,0.41,0.06,0.18,0.98
2124,2013.0,0,0.43,0.51,0.01,0.98
2125,2015.0,0,0.05,0.0,0.1,0.98
2126,2009.0,0,0.0,0.0,0.1,0.98
2127,2009.0,0,0.27,0.0,0.09,0.98
2128,2006.0,0,0.02,0.86,0.01,0.98
2129,2015.0,0,0.32,0.15,0.14,0.97
2130,2007.0,0,0.01,0.0,0.08,0.97
2131,2008.0,0,0.37,0.0,0.1,0.97
2132,2005.0,0,0.21,0.0,0.03,0.97
2133,2012.0,0,0.44,0.0,0.13,0.97
2134,2009.0,0,0.02,0.0,0.08,0.97
2135,2003.0,0,0.18,0.29,0.01,0.97
2136,,0,0.14,0.63,0.05,0.97
2137,2011.0,0,0.35,0.0,0.1,0.97
2138,2010.0,0,0.33,0.0,0.08,0.97
2139,2003.0,0,0.37,0.0,0.12,0.97
2140,2007.0,0,0.03,0.03,0.13,0.97
2141,2015.0,0,0.1,0.0,0.1,0.97
2142,2004.0,0,0.6,0.0,0.04,0.97
2143,2012.0,0,0.37,0.0,0.08,0.97
2144,1992.0,0,0.0,0.97,0.0,0.97
2145,1981.0,0,0.05,0.0,0.01,0.97
2146,2006.0,0,0.19,0.0,0.03,0.97
2147,,0,0.45,0.0,0.16,0.97
2148,2013.0,0,0.31,0.28,0.16,0.97
2149,2000.0,0,0.37,0.0,0.06,0.97
2150,2005.0,0,0.07,0.0,0.07,0.96
2151,2002.0,0,0.25,0.26,0.07,0.96
2152,1999.0,0,0.36,0.0,0.06,0.96
2153,2012.0,0,0.28,0.04,0.14,0.96
2154,1999.0,0,0.0,0.9,0.06,0.96
2155,2011.0,0,0.17,0.0,0.07,0.96
2156,2012.0,0,0.0,0.96,0.0,0.96
2157,2011.0,0,0.49,0.0,0.1,0.96
2158,2006.0,0,0.44,0.0,0.22,0.96
2159,1996.0,0,0.22,0.0,0.02,0.96
2160,1986.0,0,0.06,0.57,0.01,0.96
2161,2008.0,0,0.33,0.0,0.09,0.96
2162,2010.0,0,0.34,0.2,0.13,0.96
2163,2000.0,0,0.37,0.0,0.12,0.96
2164,2012.0,0,0.0,0.96,0.0,0.96
2165,2008.0,0,0.54,0.0,0.11,0.96
2166,2012.0,0,0.33,0.09,0.12,0.96
2167,2006.0,0,0.0,0.53,0.03,0.96
2168,2002.0,0,0.28,0.22,0.09,0.96
2169,2002.0,0,0.15,0.0,0.04,0.96
2170,2011.0,0,0.56,0.0,0.15,0.96
2171,2011.0,0,0.36,0.13,0.07,0.96
2172,2013.0,0,0.33,0.15,0.15,0.96
2173,2015.0,0,0.4,0.0,0.08,0.95
2174,2004.0,0,0.04,0.0,0.04,0.95
2175,,0,0.36,0.0,0.12,0.95
2176,2004.0,0,0.03,0.0,0.13,0.95
2177,2005.0,0,0.45,0.0,0.14,0.95
2178,2003.0,0,0.19,0.0,0.03,0.95
2179,2014.0,0,0.3,0.0,0.08,0.95
2180,2008.0,0,0.22,0.0,0.09,0.95
2181,2008.0,0,0.51,0.0,0.17,0.95
2182,2011.0,0,0.39,0.0,0.1,0.95
2183,1996.0,0,0.17,0.46,0.06,0.95
2184,2000.0,0,0.21,0.41,0.07,0.95
2185,2003.0,0,0.25,0.0,0.02,0.95
2186,1999.0,0,0.36,0.0,0.06,0.95
2187,2009.0,0,0.28,0.0,0.13,0.95
2188,2011.0,0,0.4,0.0,0.16,0.95
2189,2009.0,0,0.43,0.0,0.1,0.95
2190,2015.0,0,0.41,0.05,0.15,0.95
2191,2008.0,0,0.31,0.01,0.13,0.95
2192,2010.0,0,0.24,0.0,0.08,0.95
2193,2009.0,0,0.17,0.0,0.08,0.95
2194,2014.0,0,0.38,0.0,0.08,0.95
2195,2011.0,0,0.43,0.18,0.09,0.95
2196,2004.0,0,0.03,0.0,0.13,0.94
2197,2011.0,0,0.5,0.0,0.17,0.94
2198,2003.0,0,0.71,0.01,0.21,0.94
2199,2011.0,0,0.27,0.13,0.07,0.94
2200,2004.0,0,0.19,0.0,0.03,0.94
2201,2013.0,0,0.17,0.0,0.08,0.94
2202,1996.0,0,0.36,0.0,0.06,0.94
2203,2006.0,0,0.04,0.0,0.07,0.94
2204,2012.0,0,0.53,0.0,0.13,0.94
2205,2003.0,0,0.36,0.0,0.12,0.94
2206,2012.0,0,0.29,0.33,0.05,0.94
2207,2012.0,0,0.36,0.02,0.08,0.94
2208,2009.0,0,0.26,0.09,0.08,0.94
2209,2005.0,0,0.03,0.0,0.13,0.94
2210,2005.0,0,0.2,0.0,0.03,0.94
2211,1999.0,0,0.07,0.71,0.06,0.94
2212,2009.0,0,0.0,0.0,0.07,0.94
2213,1999.0,0,0.35,0.0,0.06,0.94
2214,2016.0,0,0.3,0.08,0.08,0.94
2215,2006.0,0,0.03,0.04,0.12,0.94
2216,2003.0,0,0.33,0.0,0.04,0.94
2217,2008.0,0,0.06,0.63,0.05,0.94
2218,2003.0,0,0.36,0.0,0.12,0.94
2219,2006.0,0,0.03,0.0,0.13,0.94
2220,2002.0,0,0.36,0.0,0.12,0.93
2221,2009.0,0,0.45,0.02,0.1,0.93
2222,2010.0,0,0.09,0.0,0.06,0.93
2223,2009.0,0,0.58,0.0,0.2,0.93
2224,2005.0,0,0.25,0.0,0.02,0.93
2225,2002.0,0,0.3,0.0,0.04,0.93
2226,2012.0,0,0.41,0.0,0.11,0.93
2227,2009.0,0,0.52,0.02,0.11,0.93
2228,2008.0,0,0.16,0.36,0.08,0.93
2229,2012.0,0,0.42,0.02,0.14,0.93
2230,2008.0,0,0.32,0.02,0.1,0.93
2231,2015.0,0,0.44,0.0,0.15,0.93
2232,2007.0,0,0.01,0.0,0.07,0.93
2233,2004.0,0,0.25,0.0,0.02,0.93
2234,1981.0,0,0.05,0.0,0.01,0.93
2235,1991.0,0,0.09,0.32,0.01,0.93
2236,1987.0,0,0.06,0.42,0.0,0.93
2237,1999.0,0,0.2,0.0,0.01,0.93
2238,2003.0,0,0.25,0.0,0.02,0.93
2239,2007.0,0,0.03,0.0,0.13,0.93
2240,2014.0,0,0.31,0.0,0.08,0.93
2241,2006.0,0,0.19,0.0,0.03,0.93
2242,2008.0,0,0.34,0.0,0.15,0.93
2243,2010.0,0,0.0,0.93,0.0,0.93
2244,2016.0,0,0.22,0.16,0.07,0.93
2245,1999.0,0,0.35,0.0,0.06,0.93
2246,2003.0,0,0.35,0.0,0.12,0.92
2247,2001.0,0,0.35,0.0,0.12,0.92
2248,2006.0,0,0.33,0.21,0.08,0.92
2249,2000.0,0,0.35,0.0,0.06,0.92
2250,2010.0,0,0.0,0.0,0.06,0.92
2251,1997.0,0,0.35,0.0,0.06,0.92
2252,2012.0,0,0.65,0.0,0.1,0.92
2253,2010.0,0,0.28,0.0,0.12,0.92
2254,2006.0,0,0.21,0.0,0.16,0.92
2255,2008.0,0,0.26,0.0,0.08,0.92
2256,2010.0,0,0.2,0.02,0.07,0.92
2257,2011.0,0,0.0,0.0,0.05,0.92
2258,1996.0,0,0.35,0.0,0.06,0.92
2259,2008.0,0,0.32,0.0,0.09,0.92
2260,1999.0,0,0.27,0.0,0.02,0.92
2261,1985.0,0,0.09,0.43,0.01,0.92
2262,2008.0,0,0.83,0.0,0.08,0.92
2263,2013.0,0,0.2,0.53,0.03,0.92
2264,2013.0,0,0.33,0.01,0.08,0.92
2265,2014.0,0,0.39,0.0,0.15,0.92
2266,2011.0,0,0.14,0.46,0.06,0.92
2267,2014.0,0,0.39,0.12,0.14,0.92
2268,2012.0,0,0.0,0.0,0.06,0.92
2269,2006.0,0,0.18,0.0,0.03,0.92
2270,2003.0,0,0.35,0.0,0.12,0.92
2271,1996.0,0,0.08,0.66,0.06,0.92
2272,2007.0,0,0.27,0.11,0.09,0.92
2273,2015.0,0,0.08,0.0,0.17,0.92
2274,2009.0,0,0.46,0.05,0.17,0.92
2275,2011.0,0,0.4,0.04,0.15,0.91
2276,2007.0,0,0.0,0.0,0.07,0.91
2277,2002.0,0,0.35,0.0,0.12,0.91
2278,2009.0,0,0.43,0.0,0.16,0.91
2279,2012.0,0,0.17,0.29,0.05,0.91
2280,2008.0,0,0.24,0.01,0.09,0.91
2281,2002.0,0,0.35,0.0,0.12,0.91
2282,2003.0,0,0.27,0.21,0.09,0.91
2283,2009.0,0,0.3,0.0,0.13,0.91
2284,2000.0,0,0.8,0.02,0.07,0.91
2285,1998.0,0,0.17,0.0,0.01,0.91
2286,2009.0,0,0.26,0.0,0.12,0.91
2287,2015.0,0,0.38,0.0,0.08,0.91
2288,,0,0.11,0.0,0.04,0.91
2289,2009.0,0,0.15,0.0,0.08,0.91
2290,2008.0,0,0.26,0.0,0.08,0.91
2291,1994.0,0,0.0,0.91,0.0,0.91
2292,2004.0,0,0.26,0.0,0.04,0.91
2293,2009.0,0,0.34,0.0,0.14,0.91
2294,2014.0,0,0.28,0.0,0.07,0.91
2295,2007.0,0,0.37,0.0,0.15,0.91
2296,2002.0,0,0.35,0.0,0.12,0.9
2297,,0,0.0,0.77,0.01,0.9
2298,1996.0,0,0.0,0.9,0.0,0.9
2299,2004.0,0,0.35,0.0,0.12,0.9
2300,2011.0,0,0.12,0.04,0.08,0.9
2301,2005.0,0,0.03,0.0,0.12,0.9
2302,2008.0,0,0.48,0.0,0.14,0.9
2303,2008.0,0,0.29,0.15,0.08,0.9
2304,1995.0,0,0.34,0.0,0.06,0.9
2305,2008.0,0,0.49,0.0,0.1,0.9
2306,2013.0,0,0.43,0.03,0.18,0.9
2307,1999.0,0,0.34,0.0,0.06,0.9
2308,2006.0,0,0.13,0.55,0.05,0.9
2309,2003.0,0,0.43,0.01,0.05,0.9
2310,2009.0,0,0.36,0.05,0.22,0.9
2311,2011.0,0,0.26,0.0,0.12,0.9
2312,2008.0,0,0.29,0.0,0.09,0.9
2313,1998.0,0,0.05,0.0,0.01,0.9
2314,2007.0,0,0.03,0.01,0.12,0.9
2315,2002.0,0,0.22,0.0,0.03,0.9
2316,2008.0,0,0.37,0.01,0.1,0.9
2317,2014.0,0,0.48,0.0,0.09,0.9
2318,2008.0,0,0.33,0.0,0.14,0.9
2319,2008.0,0,0.52,0.0,0.09,0.9
2320,2008.0,0,0.0,0.0,0.06,0.9
2321,2012.0,0,0.32,0.01,0.15,0.9
2322,2004.0,0,0.24,0.0,0.04,0.9
2323,2004.0,0,0.05,0.0,0.04,0.9
2324,2003.0,0,0.34,0.0,0.11,0.9
2325,2010.0,0,0.1,0.0,0.06,0.9
2326,2005.0,0,0.24,0.0,0.03,0.89
2327,2009.0,0,0.38,0.01,0.16,0.89
2328,2006.0,0,0.28,0.0,0.18,0.89
2329,2007.0,0,0.01,0.0,0.07,0.89
2330,2005.0,0,0.03,0.0,0.12,0.89
2331,2015.0,0,0.42,0.01,0.14,0.89
2332,2001.0,0,0.22,0.05,0.02,0.89
2333,2008.0,0,0.29,0.01,0.09,0.89
2334,2005.0,0,0.03,0.0,0.12,0.89
2335,2004.0,0,0.17,0.24,0.02,0.89
2336,2012.0,0,0.19,0.0,0.1,0.89
2337,2004.0,0,0.16,0.3,0.02,0.89
2338,2001.0,0,0.0,0.89,0.0,0.89
2339,2003.0,0,0.18,0.0,0.02,0.89
2340,2008.0,0,0.43,0.0,0.1,0.89
2341,1997.0,0,0.11,0.56,0.06,0.89
2342,2009.0,0,0.63,0.0,0.11,0.89
2343,2001.0,0,0.34,0.0,0.11,0.89
2344,2016.0,0,0.47,0.0,0.14,0.89
2345,2011.0,0,0.13,0.46,0.08,0.89
2346,2013.0,0,0.36,0.04,0.07,0.89
2347,2010.0,0,0.59,0.01,0.1,0.89
2348,2006.0,0,0.0,0.01,0.07,0.89
2349,2009.0,0,0.79,0.0,0.09,0.89
2350,2013.0,0,0.24,0.21,0.06,0.89
2351,2012.0,0,0.25,0.01,0.07,0.89
2352,2011.0,0,0.21,0.0,0.08,0.89
2353,2000.0,0,0.34,0.0,0.06,0.89
2354,2006.0,0,0.68,0.0,0.2,0.89
2355,1995.0,0,0.0,0.89,0.0,0.89
2356,1996.0,0,0.3,0.09,0.06,0.88
2357,2010.0,0,0.36,0.0,0.08,0.88
2358,2012.0,0,0.41,0.01,0.08,0.88
2359,2008.0,0,0.79,0.0,0.08,0.88
2360,2008.0,0,0.82,0.0,0.06,0.88
2361,2011.0,0,0.2,0.0,0.07,0.88
2362,2009.0,0,0.21,0.0,0.08,0.88
2363,2010.0,0,0.1,0.0,0.06,0.88
2364,2012.0,0,0.22,0.3,0.05,0.88
2365,2005.0,0,0.34,0.0,0.11,0.88
2366,2007.0,0,0.06,0.0,0.5,0.88
2367,2009.0,0,0.22,0.12,0.07,0.88
2368,1996.0,0,0.33,0.0,0.06,0.88
2369,2015.0,0,0.38,0.0,0.07,0.88
2370,2004.0,0,0.26,0.12,0.17,0.88
2371,2008.0,0,0.28,0.01,0.08,0.88
2372,2012.0,0,0.33,0.13,0.14,0.88
2373,2004.0,0,0.33,0.0,0.11,0.88
2374,2008.0,0,0.44,0.01,0.09,0.88
2375,2009.0,0,0.11,0.62,0.06,0.88
2376,2003.0,0,0.19,0.0,0.03,0.87
2377,2001.0,0,0.33,0.0,0.06,0.87
2378,1995.0,0,0.33,0.0,0.06,0.87
2379,2013.0,0,0.11,0.0,0.06,0.87
2380,2007.0,0,0.4,0.0,0.09,0.87
2381,1994.0,0,0.0,0.87,0.0,0.87
2382,2010.0,0,0.11,0.0,0.06,0.87
2383,2009.0,0,0.29,0.01,0.09,0.87
2384,2003.0,0,0.24,0.0,0.03,0.87
2385,2008.0,0,0.4,0.02,0.16,0.87
2386,1997.0,0,0.29,0.09,0.06,0.87
2387,2008.0,0,0.03,0.0,0.12,0.87
2388,2010.0,0,0.19,0.0,0.07,0.87
2389,2012.0,0,0.0,0.0,0.06,0.87
2390,2012.0,0,0.3,0.09,0.11,0.87
2391,1996.0,0,0.33,0.0,0.06,0.87
2392,2008.0,0,0.54,0.01,0.18,0.87
2393,2009.0,0,0.31,0.02,0.09,0.87
2394,2006.0,0,0.03,0.0,0.12,0.87
2395,2013.0,0,0.29,0.0,0.12,0.87
2396,1998.0,0,0.33,0.0,0.06,0.87
2397,2008.0,0,0.44,0.0,0.23,0.87
2398,2008.0,0,0.31,0.0,0.09,0.87
2399,2005.0,0,0.03,0.0,0.12,0.87
2400,2009.0,0,0.2,0.0,0.08,0.87
2401,2009.0,0,0.17,0.0,0.07,0.87
2402,2002.0,0,0.37,0.0,0.02,0.87
2403,2002.0,0,0.33,0.0,0.11,0.87
2404,2000.0,0,0.2,0.3,0.06,0.87
2405,2006.0,0,0.52,0.0,0.23,0.87
2406,2007.0,0,0.09,0.64,0.03,0.87
2407,2010.0,0,0.32,0.0,0.08,0.87
2408,1982.0,0,0.05,0.0,0.01,0.87
2409,2012.0,0,0.15,0.45,0.07,0.87
2410,2007.0,0,0.59,0.0,0.18,0.87
2411,2015.0,0,0.0,0.86,0.0,0.86
2412,2007.0,0,0.63,0.0,0.11,0.86
2413,2006.0,0,0.72,0.12,0.01,0.86
2414,2012.0,0,0.37,0.01,0.14,0.86
2415,2009.0,0,0.37,0.0,0.15,0.86
2416,2007.0,0,0.06,0.21,0.05,0.86
2417,,0,0.45,0.01,0.15,0.86
2418,2002.0,0,0.33,0.0,0.11,0.86
2419,2015.0,0,0.0,0.86,0.0,0.86
2420,2001.0,0,0.33,0.0,0.06,0.86
2421,1997.0,0,0.04,0.0,0.01,0.86
2422,1998.0,0,0.32,0.0,0.06,0.86
2423,2008.0,0,0.34,0.18,0.12,0.86
2424,,0,0.26,0.0,0.08,0.86
2425,2008.0,0,0.0,0.2,0.05,0.86
2426,2010.0,0,0.43,0.02,0.09,0.86
2427,2003.0,0,0.13,0.51,0.04,0.86
2428,2009.0,0,0.16,0.08,0.1,0.86
2429,2014.0,0,0.43,0.0,0.07,0.85
2430,2009.0,0,0.26,0.01,0.12,0.85
2431,2007.0,0,0.65,0.0,0.11,0.85
2432,1999.0,0,0.32,0.0,0.06,0.85
2433,2009.0,0,0.31,0.0,0.08,0.85
2434,2008.0,0,0.01,0.0,0.07,0.85
2435,2007.0,0,0.0,0.0,0.07,0.85
2436,2016.0,0,0.32,0.0,0.07,0.85
2437,1996.0,0,0.09,0.57,0.06,0.85
2438,2004.0,0,0.18,0.0,0.03,0.85
2439,2010.0,0,0.27,0.01,0.12,0.85
2440,2007.0,0,0.04,0.0,0.06,0.85
2441,1989.0,0,0.07,0.37,0.01,0.85
2442,2007.0,0,0.47,0.0,0.1,0.85
2443,1997.0,0,0.32,0.0,0.06,0.85
2444,2005.0,0,0.06,0.0,0.09,0.85
2445,2014.0,0,0.35,0.0,0.14,0.85
2446,2016.0,0,0.25,0.0,0.08,0.85
2447,2007.0,0,0.0,0.0,0.53,0.85
2448,1995.0,0,0.32,0.0,0.06,0.85
2449,2002.0,0,0.32,0.0,0.11,0.85
2450,2016.0,0,0.1,0.44,0.04,0.85
2451,2000.0,0,0.25,0.2,0.08,0.85
2452,2010.0,0,0.25,0.0,0.07,0.85
2453,2012.0,0,0.29,0.02,0.07,0.85
2454,2014.0,0,0.37,0.03,0.16,0.84
2455,2004.0,0,0.17,0.0,0.02,0.84
2456,2010.0,0,0.11,0.13,0.05,0.84
2457,2010.0,0,0.34,0.0,0.13,0.84
2458,2012.0,0,0.21,0.11,0.1,0.84
2459,2016.0,0,0.0,0.0,0.16,0.84
2460,2009.0,0,0.01,0.01,0.07,0.84
2461,2015.0,0,0.28,0.14,0.06,0.84
2462,2008.0,0,0.3,0.0,0.09,0.84
2463,2004.0,0,0.17,0.0,0.02,0.84
2464,2010.0,0,0.0,0.0,0.06,0.84
2465,2011.0,0,0.27,0.05,0.12,0.84
2466,2003.0,0,0.32,0.0,0.11,0.84
2467,2007.0,0,0.03,0.06,0.06,0.84
2468,1987.0,0,0.0,0.52,0.0,0.84
2469,2012.0,0,0.22,0.1,0.1,0.84
2470,2001.0,0,0.32,0.0,0.05,0.84
2471,2011.0,0,0.25,0.0,0.07,0.84
2472,2002.0,0,0.32,0.0,0.11,0.84
2473,2015.0,0,0.32,0.03,0.14,0.84
2474,2005.0,0,0.16,0.39,0.05,0.84
2475,2004.0,0,0.32,0.0,0.11,0.84
2476,2004.0,0,0.22,0.0,0.01,0.84
2477,2014.0,0,0.48,0.04,0.19,0.84
2478,2007.0,0,0.33,0.05,0.14,0.84
2479,2007.0,0,0.0,0.0,0.74,0.84
2480,2013.0,0,0.38,0.01,0.08,0.84
2481,1999.0,0,0.32,0.0,0.05,0.84
2482,2008.0,0,0.31,0.0,0.08,0.83
2483,1999.0,0,0.15,0.4,0.05,0.83
2484,2000.0,0,0.19,0.34,0.06,0.83
2485,2008.0,0,0.37,0.0,0.09,0.83
2486,,0,0.03,0.0,0.04,0.83
2487,2004.0,0,0.22,0.0,0.01,0.83
2488,2014.0,0,0.21,0.01,0.19,0.83
2489,2000.0,0,0.21,0.28,0.07,0.83
2490,2003.0,0,0.18,0.01,0.03,0.83
2491,2012.0,0,0.2,0.0,0.06,0.83
2492,2000.0,0,0.0,0.83,0.0,0.83
2493,1998.0,0,0.31,0.0,0.05,0.83
2494,1997.0,0,0.26,0.12,0.05,0.83
2495,2011.0,0,0.0,0.0,0.05,0.83
2496,2005.0,0,0.03,0.0,0.11,0.83
2497,2008.0,0,0.0,0.0,0.06,0.83
2498,2008.0,0,0.17,0.0,0.07,0.83
2499,,0,0.32,0.0,0.11,0.83
2500,2007.0,0,0.0,0.0,0.06,0.83
